framework,metric,mean,std,ci95_low,ci95_high,boot_ci_low,boot_ci_high,n
CatBoost,f1_macro,0.9644598848490837,0.01165841330511404,0.9416093947710602,0.9873103749271073,0.9538831968005218,0.9717726403150133,5
CatBoost,accuracy,0.9666200900481293,0.011401894276319617,0.9442723772665429,0.9889678028297157,0.9561403508771932,0.9736376339077782,5
CatBoost,roc_auc_ovr,0.9943843942206207,0.003401049989489737,0.9877183362412209,1.0010504522000205,0.9915758547841745,0.9969652107303597,5
CatBoost,avg_precision_ovr,0.9966572847377917,0.0020460527309877114,0.9926470213850558,1.0006675480905276,0.9949227403407093,0.9982092684394315,5
feature_ablation_xgboost_baseline,accuracy,0.9630957925787922,0.016865642325093876,0.9300391336216082,0.9961524515359762,0.9525694767893185,0.9771929824561404,5
feature_ablation_xgboost_baseline,fit_time_sec,0.10530751719488755,0.08549178425971711,-0.06225637995415799,0.2728714143439331,0.056434075595461694,0.18258333379635577,5
feature_ablation_xgboost_baseline,predict_time_sec,0.00307936680037524,0.00026674276221700337,0.0025565509864299138,0.0036021826143205664,0.0028774569577944653,0.0032986417936626206,5
feature_ablation_xgboost_poly2,accuracy,0.9683744760130415,0.004741521118498445,0.9590810946207845,0.9776678574052985,0.9649122807017545,0.9718832479428661,5
feature_ablation_xgboost_poly2,fit_time_sec,0.3865451751975343,0.012171494727070239,0.3626890455324766,0.41040130486259196,0.37750044199929106,0.3964035504002822,5
feature_ablation_xgboost_poly2,predict_time_sec,0.025820508194738016,0.00032455174956918956,0.025184386765582406,0.026456629623893627,0.02555800799455024,0.026064783395850062,5
XGBoost,f1_macro,0.9622238561679722,0.01638750304866927,0.9301043501925804,0.994343362143364,0.9526917555737485,0.9771940379548069,5
XGBoost,accuracy,0.9648501785437045,0.015194062719735689,0.9350698156130225,0.9946305414743865,0.956140350877193,0.9788852662630025,5
XGBoost,roc_auc_ovr,0.9943114327654123,0.005555343830867007,0.983422958856913,1.0051999066739117,0.9900294532050182,0.9985272747596691,5
XGBoost,avg_precision_ovr,0.9962546167318267,0.0038458497965718217,0.9887167511305459,1.0037924823331075,0.9933668415484668,0.9990866967941198,5
automl_suite_autogluon,accuracy,0.9455519329296692,0.018938660592111245,0.9084321581691311,0.9826717076902073,0.9298245614035088,0.9595249184909175,5
automl_suite_autogluon,fit_time_sec,7.828796283403062,9.284327292418633,-10.368485209737457,26.02607777654358,3.55276252500189,16.139557133603375,5
automl_suite_autogluon,predict_time_sec,0.0036583501962013203,0.0010781640635028247,0.001545148631735784,0.0057715517606668565,0.00288170039711984,0.00460014999262054,5
H2O_AutoML,f1_macro,0.9566750940998956,0.01578346402976937,0.9257395046015476,0.9876106835982436,0.9424947629173231,0.9648283650247229,5
H2O_AutoML,accuracy,0.9597282645654582,0.014519580655053405,0.9312698864815535,0.988186642649363,0.9466367421515831,0.9673188169538893,5
H2O_AutoML,roc_auc_ovr,0.9956375765358733,0.002455709977963093,0.9908243849790656,1.0004507680926809,0.9943688054251434,0.997870223061019,5
H2O_AutoML,avg_precision_ovr,0.9972982251267307,0.001547325424177145,0.9942654672953435,1.000330982958118,0.9964049322784996,0.998680953860067,5
boosting_suite_xgboost_baseline,accuracy,0.9613336438441238,0.014451473096870024,0.9330087565742585,0.989658531113989,0.9534076618537494,0.969998059307561,10
boosting_suite_xgboost_baseline,fit_time_sec,0.08844576260162282,0.058692706676153436,-0.026591942483637915,0.20348346768688355,0.06609696448205793,0.12642320707349422,10
boosting_suite_xgboost_baseline,predict_time_sec,0.00285058749868763,0.00025558421672917177,0.0023496424338984535,0.003351532563476807,0.0027108657235657614,0.003014227679377621,10
boosting_suite_lightgbm_baseline,accuracy,0.9674739947213167,0.017109351173024964,0.9339396664221877,1.0010083230204456,0.9578636857630803,0.978087641670548,10
boosting_suite_lightgbm_baseline,fit_time_sec,0.38845360429986614,0.06188446384474895,0.2671600551641582,0.5097471534355741,0.35822263639423907,0.4292914533994917,10
boosting_suite_lightgbm_baseline,predict_time_sec,0.00205924170295471,0.00023530726424378037,0.0015980394650369004,0.0025204439408725195,0.0019278730104633295,0.002194255736248999,10
FLAML,f1_macro,0.9623015873015872,0.0,0.9623015873015872,0.9623015873015872,0.9623015873015872,0.9623015873015872,1
FLAML,accuracy,0.9649122807017544,0.0,0.9649122807017544,0.9649122807017544,0.9649122807017544,0.9649122807017544,1
FLAML,roc_auc_ovr,0.9950396825396826,0.0,0.9950396825396826,0.9950396825396826,0.9950396825396826,0.9950396825396826,1
FLAML,avg_precision_ovr,0.9971501525685088,0.0,0.9971501525685088,0.9971501525685088,0.9971501525685088,0.9971501525685088,1
boosting_suite_catboost_baseline,accuracy,0.9666045645086166,0.012966732977522547,0.9411897678726725,0.9920193611445608,0.958686151218755,0.973660922217047,10
boosting_suite_catboost_baseline,fit_time_sec,0.8533610250015045,0.026544011947275386,0.8013347615848447,0.9053872884181642,0.8400405364694233,0.8703040044057707,10
boosting_suite_catboost_baseline,predict_time_sec,0.0017247541007236003,0.000492965279697142,0.000758542152517202,0.0026909660489299984,0.0015517823532354117,0.0020432423013334827,10
LightGBM,f1_macro,0.9658187136094061,0.021932408510095227,0.9228311929296195,1.0088062342891928,0.9502365678748194,0.9847134400203821,5
LightGBM,accuracy,0.9683744760130415,0.02017958836924865,0.9288224828093141,1.0079264692167689,0.9542966930600838,0.9859183356621642,5
LightGBM,roc_auc_ovr,0.9944523731536504,0.0067734787416743915,0.9811763548199686,1.0077283914873323,0.988308100107969,0.9990014159028243,5
LightGBM,avg_precision_ovr,0.9964290715955263,0.004593490259382782,0.9874258306871361,1.0054323125039166,0.9922289498662966,0.9994130576137967,5
