feature,mean_abs_shap,experiment,seed,fold
mean_radius,0.005471225888014007,boosting_suite_catboost_baseline,42,-1
mean_texture,0.012806200384942566,boosting_suite_catboost_baseline,42,-1
mean_perimeter,0.008591058995977006,boosting_suite_catboost_baseline,42,-1
mean_area,0.014850693853553677,boosting_suite_catboost_baseline,42,-1
mean_smoothness,0.005314998593032172,boosting_suite_catboost_baseline,42,-1
mean_compactness,0.005646913803115082,boosting_suite_catboost_baseline,42,-1
mean_concavity,0.007495458092270241,boosting_suite_catboost_baseline,42,-1
mean_concave_points,0.03960924057191789,boosting_suite_catboost_baseline,42,-1
mean_symmetry,0.00527997100107046,boosting_suite_catboost_baseline,42,-1
mean_fractal_dimension,0.004868246886539272,boosting_suite_catboost_baseline,42,-1
radius_error,0.010725942899786471,boosting_suite_catboost_baseline,42,-1
texture_error,0.004638716984392167,boosting_suite_catboost_baseline,42,-1
perimeter_error,0.005280319529339553,boosting_suite_catboost_baseline,42,-1
area_error,0.02344690225738787,boosting_suite_catboost_baseline,42,-1
smoothness_error,0.005807265176094183,boosting_suite_catboost_baseline,42,-1
compactness_error,0.0040743431836959085,boosting_suite_catboost_baseline,42,-1
concavity_error,0.004386844220953013,boosting_suite_catboost_baseline,42,-1
concave_points_error,0.005334359585330981,boosting_suite_catboost_baseline,42,-1
symmetry_error,0.005302108732697985,boosting_suite_catboost_baseline,42,-1
fractal_dimension_error,0.0047693197773176965,boosting_suite_catboost_baseline,42,-1
worst_radius,0.022759388167295898,boosting_suite_catboost_baseline,42,-1
worst_texture,0.03949890555122284,boosting_suite_catboost_baseline,42,-1
worst_perimeter,0.06063612371849172,boosting_suite_catboost_baseline,42,-1
worst_area,0.05631408188063448,boosting_suite_catboost_baseline,42,-1
worst_smoothness,0.013700875640838247,boosting_suite_catboost_baseline,42,-1
worst_compactness,0.007042484160252021,boosting_suite_catboost_baseline,42,-1
worst_concavity,0.020855574182057114,boosting_suite_catboost_baseline,42,-1
worst_concave_points,0.03831388602398223,boosting_suite_catboost_baseline,42,-1
worst_symmetry,0.007262927676694116,boosting_suite_catboost_baseline,42,-1
worst_fractal_dimension,0.004783228592298139,boosting_suite_catboost_baseline,42,-1
mean_radius,0.007834258762661507,boosting_suite_catboost_baseline,42,-1
mean_texture,0.012396011211316251,boosting_suite_catboost_baseline,42,-1
mean_perimeter,0.0070021420314165,boosting_suite_catboost_baseline,42,-1
mean_area,0.0062262009917547455,boosting_suite_catboost_baseline,42,-1
mean_smoothness,0.00449958146043784,boosting_suite_catboost_baseline,42,-1
mean_compactness,0.004887077293425034,boosting_suite_catboost_baseline,42,-1
mean_concavity,0.007529736525853493,boosting_suite_catboost_baseline,42,-1
mean_concave_points,0.044692296946317794,boosting_suite_catboost_baseline,42,-1
mean_symmetry,0.004313117596566458,boosting_suite_catboost_baseline,42,-1
mean_fractal_dimension,0.004564189510403198,boosting_suite_catboost_baseline,42,-1
radius_error,0.007628218313029198,boosting_suite_catboost_baseline,42,-1
texture_error,0.004516872209218284,boosting_suite_catboost_baseline,42,-1
perimeter_error,0.005879892861965572,boosting_suite_catboost_baseline,42,-1
area_error,0.020124460012230134,boosting_suite_catboost_baseline,42,-1
smoothness_error,0.004862270511418882,boosting_suite_catboost_baseline,42,-1
compactness_error,0.0055201257541727285,boosting_suite_catboost_baseline,42,-1
concavity_error,0.005946376970407254,boosting_suite_catboost_baseline,42,-1
concave_points_error,0.004614379182564022,boosting_suite_catboost_baseline,42,-1
symmetry_error,0.004754200338445797,boosting_suite_catboost_baseline,42,-1
fractal_dimension_error,0.003863473735086258,boosting_suite_catboost_baseline,42,-1
worst_radius,0.027600290084374483,boosting_suite_catboost_baseline,42,-1
worst_texture,0.020573717051587788,boosting_suite_catboost_baseline,42,-1
worst_perimeter,0.07475562230097738,boosting_suite_catboost_baseline,42,-1
worst_area,0.06156297352847675,boosting_suite_catboost_baseline,42,-1
worst_smoothness,0.007495564105365426,boosting_suite_catboost_baseline,42,-1
worst_compactness,0.005408793917913175,boosting_suite_catboost_baseline,42,-1
worst_concavity,0.01362013061957132,boosting_suite_catboost_baseline,42,-1
worst_concave_points,0.05789113149478374,boosting_suite_catboost_baseline,42,-1
worst_symmetry,0.005700476270395069,boosting_suite_catboost_baseline,42,-1
worst_fractal_dimension,0.0056503565738803664,boosting_suite_catboost_baseline,42,-1
mean_radius,0.006990492545750158,boosting_suite_catboost_baseline,42,-1
mean_texture,0.020566168640963008,boosting_suite_catboost_baseline,42,-1
mean_perimeter,0.011982636741476411,boosting_suite_catboost_baseline,42,-1
mean_area,0.009408129051937962,boosting_suite_catboost_baseline,42,-1
mean_smoothness,0.004535512310071114,boosting_suite_catboost_baseline,42,-1
mean_compactness,0.004667581349787413,boosting_suite_catboost_baseline,42,-1
mean_concavity,0.007653353042761563,boosting_suite_catboost_baseline,42,-1
mean_concave_points,0.04317296038657472,boosting_suite_catboost_baseline,42,-1
mean_symmetry,0.005282402766302159,boosting_suite_catboost_baseline,42,-1
mean_fractal_dimension,0.005478320241296716,boosting_suite_catboost_baseline,42,-1
radius_error,0.008393611780487685,boosting_suite_catboost_baseline,42,-1
texture_error,0.0051768930947269035,boosting_suite_catboost_baseline,42,-1
perimeter_error,0.0062016660417069805,boosting_suite_catboost_baseline,42,-1
area_error,0.013457342784348188,boosting_suite_catboost_baseline,42,-1
smoothness_error,0.006791676509753809,boosting_suite_catboost_baseline,42,-1
compactness_error,0.005904984575710272,boosting_suite_catboost_baseline,42,-1
concavity_error,0.005462395226067745,boosting_suite_catboost_baseline,42,-1
concave_points_error,0.005120068479190884,boosting_suite_catboost_baseline,42,-1
symmetry_error,0.006728811088273069,boosting_suite_catboost_baseline,42,-1
fractal_dimension_error,0.006472467051426885,boosting_suite_catboost_baseline,42,-1
worst_radius,0.031504810262054934,boosting_suite_catboost_baseline,42,-1
worst_texture,0.024433287254632938,boosting_suite_catboost_baseline,42,-1
worst_perimeter,0.04918571820763575,boosting_suite_catboost_baseline,42,-1
worst_area,0.05171356099919107,boosting_suite_catboost_baseline,42,-1
worst_smoothness,0.011764559428584192,boosting_suite_catboost_baseline,42,-1
worst_compactness,0.007460345015874753,boosting_suite_catboost_baseline,42,-1
worst_concavity,0.02495779443090976,boosting_suite_catboost_baseline,42,-1
worst_concave_points,0.044415178745103416,boosting_suite_catboost_baseline,42,-1
worst_symmetry,0.00933354137852203,boosting_suite_catboost_baseline,42,-1
worst_fractal_dimension,0.006530319087716159,boosting_suite_catboost_baseline,42,-1
mean_radius,0.006549478142764977,boosting_suite_catboost_baseline,42,-1
mean_texture,0.009915488207859958,boosting_suite_catboost_baseline,42,-1
mean_perimeter,0.01222587252153247,boosting_suite_catboost_baseline,42,-1
mean_area,0.010229583787493033,boosting_suite_catboost_baseline,42,-1
mean_smoothness,0.004512578370406065,boosting_suite_catboost_baseline,42,-1
mean_compactness,0.0054760211273978355,boosting_suite_catboost_baseline,42,-1
mean_concavity,0.010174693619953762,boosting_suite_catboost_baseline,42,-1
mean_concave_points,0.053176593411478866,boosting_suite_catboost_baseline,42,-1
mean_symmetry,0.007446818865114879,boosting_suite_catboost_baseline,42,-1
mean_fractal_dimension,0.005484548970588984,boosting_suite_catboost_baseline,42,-1
radius_error,0.00973937422182933,boosting_suite_catboost_baseline,42,-1
texture_error,0.006061932846571697,boosting_suite_catboost_baseline,42,-1
perimeter_error,0.006573503012258953,boosting_suite_catboost_baseline,42,-1
area_error,0.02910992819495964,boosting_suite_catboost_baseline,42,-1
smoothness_error,0.006168021642198676,boosting_suite_catboost_baseline,42,-1
compactness_error,0.0035910026543685626,boosting_suite_catboost_baseline,42,-1
concavity_error,0.005386455644761936,boosting_suite_catboost_baseline,42,-1
concave_points_error,0.00579175333448052,boosting_suite_catboost_baseline,42,-1
symmetry_error,0.005500878790814758,boosting_suite_catboost_baseline,42,-1
fractal_dimension_error,0.005347793281590755,boosting_suite_catboost_baseline,42,-1
worst_radius,0.029522273320713572,boosting_suite_catboost_baseline,42,-1
worst_texture,0.0324852972240727,boosting_suite_catboost_baseline,42,-1
worst_perimeter,0.036686404230206165,boosting_suite_catboost_baseline,42,-1
worst_area,0.053964018687408286,boosting_suite_catboost_baseline,42,-1
worst_smoothness,0.01564869078486704,boosting_suite_catboost_baseline,42,-1
worst_compactness,0.005818407896161257,boosting_suite_catboost_baseline,42,-1
worst_concavity,0.02892178766809337,boosting_suite_catboost_baseline,42,-1
worst_concave_points,0.030247445634964554,boosting_suite_catboost_baseline,42,-1
worst_symmetry,0.008689962441109457,boosting_suite_catboost_baseline,42,-1
worst_fractal_dimension,0.004887234274240119,boosting_suite_catboost_baseline,42,-1
mean_radius,0.006980137970956678,boosting_suite_catboost_baseline,42,-1
mean_texture,0.016355664761828224,boosting_suite_catboost_baseline,42,-1
mean_perimeter,0.007061118806065248,boosting_suite_catboost_baseline,42,-1
mean_area,0.009540717931957798,boosting_suite_catboost_baseline,42,-1
mean_smoothness,0.00730156436968165,boosting_suite_catboost_baseline,42,-1
mean_compactness,0.005908706682924501,boosting_suite_catboost_baseline,42,-1
mean_concavity,0.010723192678455762,boosting_suite_catboost_baseline,42,-1
mean_concave_points,0.02832936693889833,boosting_suite_catboost_baseline,42,-1
mean_symmetry,0.006076314731155974,boosting_suite_catboost_baseline,42,-1
mean_fractal_dimension,0.004416773640776317,boosting_suite_catboost_baseline,42,-1
radius_error,0.009619042641045957,boosting_suite_catboost_baseline,42,-1
texture_error,0.005180475318580292,boosting_suite_catboost_baseline,42,-1
perimeter_error,0.007473675441258618,boosting_suite_catboost_baseline,42,-1
area_error,0.026143947927912404,boosting_suite_catboost_baseline,42,-1
smoothness_error,0.005868999355716708,boosting_suite_catboost_baseline,42,-1
compactness_error,0.005189890488394227,boosting_suite_catboost_baseline,42,-1
concavity_error,0.004831628510230079,boosting_suite_catboost_baseline,42,-1
concave_points_error,0.004705690556417596,boosting_suite_catboost_baseline,42,-1
symmetry_error,0.008133819933583634,boosting_suite_catboost_baseline,42,-1
fractal_dimension_error,0.006833220626588057,boosting_suite_catboost_baseline,42,-1
worst_radius,0.036694471898553564,boosting_suite_catboost_baseline,42,-1
worst_texture,0.023793064101300967,boosting_suite_catboost_baseline,42,-1
worst_perimeter,0.04674149095962215,boosting_suite_catboost_baseline,42,-1
worst_area,0.05588494772654592,boosting_suite_catboost_baseline,42,-1
worst_smoothness,0.015876993386300907,boosting_suite_catboost_baseline,42,-1
worst_compactness,0.006709565726969534,boosting_suite_catboost_baseline,42,-1
worst_concavity,0.023180892343965517,boosting_suite_catboost_baseline,42,-1
worst_concave_points,0.04532499245121495,boosting_suite_catboost_baseline,42,-1
worst_symmetry,0.005576517168955848,boosting_suite_catboost_baseline,42,-1
worst_fractal_dimension,0.006682377087869233,boosting_suite_catboost_baseline,42,-1
mean_radius,0.009579945266666673,boosting_suite_catboost_baseline,77,-1
mean_texture,0.03047897219782858,boosting_suite_catboost_baseline,77,-1
mean_perimeter,0.01167631248537282,boosting_suite_catboost_baseline,77,-1
mean_area,0.008843927855358522,boosting_suite_catboost_baseline,77,-1
mean_smoothness,0.005778349075170827,boosting_suite_catboost_baseline,77,-1
mean_compactness,0.005050047354022666,boosting_suite_catboost_baseline,77,-1
mean_concavity,0.012950098549200352,boosting_suite_catboost_baseline,77,-1
mean_concave_points,0.034035701593032576,boosting_suite_catboost_baseline,77,-1
mean_symmetry,0.006928600849629412,boosting_suite_catboost_baseline,77,-1
mean_fractal_dimension,0.006318092472148676,boosting_suite_catboost_baseline,77,-1
radius_error,0.007454459115067977,boosting_suite_catboost_baseline,77,-1
texture_error,0.004172992035718671,boosting_suite_catboost_baseline,77,-1
perimeter_error,0.006724035562068278,boosting_suite_catboost_baseline,77,-1
area_error,0.026477723212631595,boosting_suite_catboost_baseline,77,-1
smoothness_error,0.006402639887100297,boosting_suite_catboost_baseline,77,-1
compactness_error,0.004371077298117956,boosting_suite_catboost_baseline,77,-1
concavity_error,0.006095047743258084,boosting_suite_catboost_baseline,77,-1
concave_points_error,0.005652930985231519,boosting_suite_catboost_baseline,77,-1
symmetry_error,0.006287009264140253,boosting_suite_catboost_baseline,77,-1
fractal_dimension_error,0.0049705296382207284,boosting_suite_catboost_baseline,77,-1
worst_radius,0.04749674469938923,boosting_suite_catboost_baseline,77,-1
worst_texture,0.01618403143836688,boosting_suite_catboost_baseline,77,-1
worst_perimeter,0.031728825836295375,boosting_suite_catboost_baseline,77,-1
worst_area,0.05868953670485427,boosting_suite_catboost_baseline,77,-1
worst_smoothness,0.016685688983384267,boosting_suite_catboost_baseline,77,-1
worst_compactness,0.006800982801872657,boosting_suite_catboost_baseline,77,-1
worst_concavity,0.03584605399812494,boosting_suite_catboost_baseline,77,-1
worst_concave_points,0.031092627904523426,boosting_suite_catboost_baseline,77,-1
worst_symmetry,0.0069482506020988885,boosting_suite_catboost_baseline,77,-1
worst_fractal_dimension,0.00423829704519717,boosting_suite_catboost_baseline,77,-1
mean_radius,0.007033855275722526,boosting_suite_catboost_baseline,77,-1
mean_texture,0.015049530542535357,boosting_suite_catboost_baseline,77,-1
mean_perimeter,0.00858226844645482,boosting_suite_catboost_baseline,77,-1
mean_area,0.00936863971525427,boosting_suite_catboost_baseline,77,-1
mean_smoothness,0.00639011808762749,boosting_suite_catboost_baseline,77,-1
mean_compactness,0.006039276359121944,boosting_suite_catboost_baseline,77,-1
mean_concavity,0.010718158939941104,boosting_suite_catboost_baseline,77,-1
mean_concave_points,0.07789883480396116,boosting_suite_catboost_baseline,77,-1
mean_symmetry,0.005233264409003876,boosting_suite_catboost_baseline,77,-1
mean_fractal_dimension,0.005448737592116176,boosting_suite_catboost_baseline,77,-1
radius_error,0.00701445137631467,boosting_suite_catboost_baseline,77,-1
texture_error,0.004559673502229435,boosting_suite_catboost_baseline,77,-1
perimeter_error,0.005076437164700642,boosting_suite_catboost_baseline,77,-1
area_error,0.012378901319552025,boosting_suite_catboost_baseline,77,-1
smoothness_error,0.004685658159380945,boosting_suite_catboost_baseline,77,-1
compactness_error,0.0038936399582592844,boosting_suite_catboost_baseline,77,-1
concavity_error,0.004733460015289825,boosting_suite_catboost_baseline,77,-1
concave_points_error,0.004727383392126167,boosting_suite_catboost_baseline,77,-1
symmetry_error,0.004955023620826709,boosting_suite_catboost_baseline,77,-1
fractal_dimension_error,0.004714748348445525,boosting_suite_catboost_baseline,77,-1
worst_radius,0.05062809994824458,boosting_suite_catboost_baseline,77,-1
worst_texture,0.0350547237262647,boosting_suite_catboost_baseline,77,-1
worst_perimeter,0.036216660229282306,boosting_suite_catboost_baseline,77,-1
worst_area,0.049734460081556804,boosting_suite_catboost_baseline,77,-1
worst_smoothness,0.018236329052843586,boosting_suite_catboost_baseline,77,-1
worst_compactness,0.006468697574724763,boosting_suite_catboost_baseline,77,-1
worst_concavity,0.016367180967549327,boosting_suite_catboost_baseline,77,-1
worst_concave_points,0.032394431601872616,boosting_suite_catboost_baseline,77,-1
worst_symmetry,0.0064426873963073375,boosting_suite_catboost_baseline,77,-1
worst_fractal_dimension,0.0048093318609699525,boosting_suite_catboost_baseline,77,-1
mean_radius,0.006773218716521292,boosting_suite_catboost_baseline,77,-1
mean_texture,0.02091082960220183,boosting_suite_catboost_baseline,77,-1
mean_perimeter,0.008700204984809317,boosting_suite_catboost_baseline,77,-1
mean_area,0.011394946451678425,boosting_suite_catboost_baseline,77,-1
mean_smoothness,0.004362829237622674,boosting_suite_catboost_baseline,77,-1
mean_compactness,0.004844789821345024,boosting_suite_catboost_baseline,77,-1
mean_concavity,0.010133408371932669,boosting_suite_catboost_baseline,77,-1
mean_concave_points,0.03989593298088081,boosting_suite_catboost_baseline,77,-1
mean_symmetry,0.005960889867124508,boosting_suite_catboost_baseline,77,-1
mean_fractal_dimension,0.004235039392911697,boosting_suite_catboost_baseline,77,-1
radius_error,0.010876877547565283,boosting_suite_catboost_baseline,77,-1
texture_error,0.005937237058719526,boosting_suite_catboost_baseline,77,-1
perimeter_error,0.006702295613002634,boosting_suite_catboost_baseline,77,-1
area_error,0.022517560990133908,boosting_suite_catboost_baseline,77,-1
smoothness_error,0.006172526295693073,boosting_suite_catboost_baseline,77,-1
compactness_error,0.004093105912809387,boosting_suite_catboost_baseline,77,-1
concavity_error,0.00530911573043354,boosting_suite_catboost_baseline,77,-1
concave_points_error,0.0043611527546285915,boosting_suite_catboost_baseline,77,-1
symmetry_error,0.005019340509477606,boosting_suite_catboost_baseline,77,-1
fractal_dimension_error,0.0069898870067706875,boosting_suite_catboost_baseline,77,-1
worst_radius,0.03900977919059712,boosting_suite_catboost_baseline,77,-1
worst_texture,0.02748786060626921,boosting_suite_catboost_baseline,77,-1
worst_perimeter,0.05491239442939475,boosting_suite_catboost_baseline,77,-1
worst_area,0.025747795576373123,boosting_suite_catboost_baseline,77,-1
worst_smoothness,0.013224796829465821,boosting_suite_catboost_baseline,77,-1
worst_compactness,0.0060929825263162365,boosting_suite_catboost_baseline,77,-1
worst_concavity,0.03169088505529958,boosting_suite_catboost_baseline,77,-1
worst_concave_points,0.058406264446228054,boosting_suite_catboost_baseline,77,-1
worst_symmetry,0.009041935673773191,boosting_suite_catboost_baseline,77,-1
worst_fractal_dimension,0.006532789031145384,boosting_suite_catboost_baseline,77,-1
mean_radius,0.005927614378094993,boosting_suite_catboost_baseline,77,-1
mean_texture,0.012435915726752716,boosting_suite_catboost_baseline,77,-1
mean_perimeter,0.007432809576063859,boosting_suite_catboost_baseline,77,-1
mean_area,0.007682995102948266,boosting_suite_catboost_baseline,77,-1
mean_smoothness,0.006245579458695127,boosting_suite_catboost_baseline,77,-1
mean_compactness,0.004695606656153625,boosting_suite_catboost_baseline,77,-1
mean_concavity,0.009235752108304483,boosting_suite_catboost_baseline,77,-1
mean_concave_points,0.024413529373396133,boosting_suite_catboost_baseline,77,-1
mean_symmetry,0.003725536159891903,boosting_suite_catboost_baseline,77,-1
mean_fractal_dimension,0.005896174476075759,boosting_suite_catboost_baseline,77,-1
radius_error,0.009232222489618967,boosting_suite_catboost_baseline,77,-1
texture_error,0.006302822506534047,boosting_suite_catboost_baseline,77,-1
perimeter_error,0.006745627203876928,boosting_suite_catboost_baseline,77,-1
area_error,0.025893498296141057,boosting_suite_catboost_baseline,77,-1
smoothness_error,0.003939146826637374,boosting_suite_catboost_baseline,77,-1
compactness_error,0.004559722266064626,boosting_suite_catboost_baseline,77,-1
concavity_error,0.005815830932014063,boosting_suite_catboost_baseline,77,-1
concave_points_error,0.0047595173216198085,boosting_suite_catboost_baseline,77,-1
symmetry_error,0.00542301114836442,boosting_suite_catboost_baseline,77,-1
fractal_dimension_error,0.004773952281490544,boosting_suite_catboost_baseline,77,-1
worst_radius,0.05120219195535118,boosting_suite_catboost_baseline,77,-1
worst_texture,0.03348836473508584,boosting_suite_catboost_baseline,77,-1
worst_perimeter,0.04412234406737281,boosting_suite_catboost_baseline,77,-1
worst_area,0.04415750585445469,boosting_suite_catboost_baseline,77,-1
worst_smoothness,0.00797975868686091,boosting_suite_catboost_baseline,77,-1
worst_compactness,0.006112076988145792,boosting_suite_catboost_baseline,77,-1
worst_concavity,0.034429970178332284,boosting_suite_catboost_baseline,77,-1
worst_concave_points,0.06784017053915332,boosting_suite_catboost_baseline,77,-1
worst_symmetry,0.006997057366775365,boosting_suite_catboost_baseline,77,-1
worst_fractal_dimension,0.004572829161152287,boosting_suite_catboost_baseline,77,-1
mean_radius,0.006428374161230923,boosting_suite_catboost_baseline,77,-1
mean_texture,0.012552722395712567,boosting_suite_catboost_baseline,77,-1
mean_perimeter,0.007677184230582165,boosting_suite_catboost_baseline,77,-1
mean_area,0.006353266666286852,boosting_suite_catboost_baseline,77,-1
mean_smoothness,0.0056489054467556065,boosting_suite_catboost_baseline,77,-1
mean_compactness,0.005636052745632323,boosting_suite_catboost_baseline,77,-1
mean_concavity,0.014126528471929006,boosting_suite_catboost_baseline,77,-1
mean_concave_points,0.035868635229824,boosting_suite_catboost_baseline,77,-1
mean_symmetry,0.005795176465671321,boosting_suite_catboost_baseline,77,-1
mean_fractal_dimension,0.0066016748236399705,boosting_suite_catboost_baseline,77,-1
radius_error,0.007577293372364501,boosting_suite_catboost_baseline,77,-1
texture_error,0.004512631210913311,boosting_suite_catboost_baseline,77,-1
perimeter_error,0.008155593170155313,boosting_suite_catboost_baseline,77,-1
area_error,0.032292652020062186,boosting_suite_catboost_baseline,77,-1
smoothness_error,0.005813710435805745,boosting_suite_catboost_baseline,77,-1
compactness_error,0.005065735657073769,boosting_suite_catboost_baseline,77,-1
concavity_error,0.004793383674198919,boosting_suite_catboost_baseline,77,-1
concave_points_error,0.005398293009304166,boosting_suite_catboost_baseline,77,-1
symmetry_error,0.004986936376256453,boosting_suite_catboost_baseline,77,-1
fractal_dimension_error,0.006615788973614244,boosting_suite_catboost_baseline,77,-1
worst_radius,0.03142989700358191,boosting_suite_catboost_baseline,77,-1
worst_texture,0.032908691694739124,boosting_suite_catboost_baseline,77,-1
worst_perimeter,0.06964223487464213,boosting_suite_catboost_baseline,77,-1
worst_area,0.054501603024498566,boosting_suite_catboost_baseline,77,-1
worst_smoothness,0.009567078139835023,boosting_suite_catboost_baseline,77,-1
worst_compactness,0.0074993866510101705,boosting_suite_catboost_baseline,77,-1
worst_concavity,0.009104136708969791,boosting_suite_catboost_baseline,77,-1
worst_concave_points,0.04979958915197438,boosting_suite_catboost_baseline,77,-1
worst_symmetry,0.005856358882543457,boosting_suite_catboost_baseline,77,-1
worst_fractal_dimension,0.004562004816928228,boosting_suite_catboost_baseline,77,-1
mean_radius,0.008031012465518387,boosting_suite_lightgbm_baseline,42,-1
mean_texture,0.018642379280096443,boosting_suite_lightgbm_baseline,42,-1
mean_perimeter,0.005099109330800369,boosting_suite_lightgbm_baseline,42,-1
mean_area,0.013222767019924338,boosting_suite_lightgbm_baseline,42,-1
mean_smoothness,0.008069656558149467,boosting_suite_lightgbm_baseline,42,-1
mean_compactness,0.004900068070711072,boosting_suite_lightgbm_baseline,42,-1
mean_concavity,0.010948396484143308,boosting_suite_lightgbm_baseline,42,-1
mean_concave_points,0.03789898175396298,boosting_suite_lightgbm_baseline,42,-1
mean_symmetry,0.008680957526408507,boosting_suite_lightgbm_baseline,42,-1
mean_fractal_dimension,0.006409704350102029,boosting_suite_lightgbm_baseline,42,-1
radius_error,0.00824767429418309,boosting_suite_lightgbm_baseline,42,-1
texture_error,0.006725227020355334,boosting_suite_lightgbm_baseline,42,-1
perimeter_error,0.006533083370164523,boosting_suite_lightgbm_baseline,42,-1
area_error,0.023824380048964807,boosting_suite_lightgbm_baseline,42,-1
smoothness_error,0.00581177877549223,boosting_suite_lightgbm_baseline,42,-1
compactness_error,0.005909789039597894,boosting_suite_lightgbm_baseline,42,-1
concavity_error,0.005677943202123606,boosting_suite_lightgbm_baseline,42,-1
concave_points_error,0.00500738691625444,boosting_suite_lightgbm_baseline,42,-1
symmetry_error,0.006225779003247892,boosting_suite_lightgbm_baseline,42,-1
fractal_dimension_error,0.0060160351889150575,boosting_suite_lightgbm_baseline,42,-1
worst_radius,0.022689545505047662,boosting_suite_lightgbm_baseline,42,-1
worst_texture,0.02885187713481319,boosting_suite_lightgbm_baseline,42,-1
worst_perimeter,0.04790493667895286,boosting_suite_lightgbm_baseline,42,-1
worst_area,0.0397336129437704,boosting_suite_lightgbm_baseline,42,-1
worst_smoothness,0.014120131069165615,boosting_suite_lightgbm_baseline,42,-1
worst_compactness,0.0063225237872427285,boosting_suite_lightgbm_baseline,42,-1
worst_concavity,0.029781004179336493,boosting_suite_lightgbm_baseline,42,-1
worst_concave_points,0.05533855985522344,boosting_suite_lightgbm_baseline,42,-1
worst_symmetry,0.00600911507471725,boosting_suite_lightgbm_baseline,42,-1
worst_fractal_dimension,0.005298864853814526,boosting_suite_lightgbm_baseline,42,-1
mean_radius,0.004730171858103048,boosting_suite_lightgbm_baseline,42,-1
mean_texture,0.013672432394716463,boosting_suite_lightgbm_baseline,42,-1
mean_perimeter,0.005066985568277959,boosting_suite_lightgbm_baseline,42,-1
mean_area,0.004636985234725573,boosting_suite_lightgbm_baseline,42,-1
mean_smoothness,0.005863685674662229,boosting_suite_lightgbm_baseline,42,-1
mean_compactness,0.005006839981667823,boosting_suite_lightgbm_baseline,42,-1
mean_concavity,0.0073014411356948335,boosting_suite_lightgbm_baseline,42,-1
mean_concave_points,0.025574150342928505,boosting_suite_lightgbm_baseline,42,-1
mean_symmetry,0.005211132473282233,boosting_suite_lightgbm_baseline,42,-1
mean_fractal_dimension,0.004310454059450167,boosting_suite_lightgbm_baseline,42,-1
radius_error,0.007212285195337121,boosting_suite_lightgbm_baseline,42,-1
texture_error,0.0058524249541375625,boosting_suite_lightgbm_baseline,42,-1
perimeter_error,0.005803746409135281,boosting_suite_lightgbm_baseline,42,-1
area_error,0.03144770953561081,boosting_suite_lightgbm_baseline,42,-1
smoothness_error,0.004378351179701659,boosting_suite_lightgbm_baseline,42,-1
compactness_error,0.0049328974296010235,boosting_suite_lightgbm_baseline,42,-1
concavity_error,0.005501749447473564,boosting_suite_lightgbm_baseline,42,-1
concave_points_error,0.004005459959172672,boosting_suite_lightgbm_baseline,42,-1
symmetry_error,0.005925839627329394,boosting_suite_lightgbm_baseline,42,-1
fractal_dimension_error,0.007289345840224523,boosting_suite_lightgbm_baseline,42,-1
worst_radius,0.010538738822017913,boosting_suite_lightgbm_baseline,42,-1
worst_texture,0.01592016732658966,boosting_suite_lightgbm_baseline,42,-1
worst_perimeter,0.11953507087466798,boosting_suite_lightgbm_baseline,42,-1
worst_area,0.047778154966816144,boosting_suite_lightgbm_baseline,42,-1
worst_smoothness,0.015024555422960027,boosting_suite_lightgbm_baseline,42,-1
worst_compactness,0.004606589459650111,boosting_suite_lightgbm_baseline,42,-1
worst_concavity,0.013039345544943078,boosting_suite_lightgbm_baseline,42,-1
worst_concave_points,0.0520288542656506,boosting_suite_lightgbm_baseline,42,-1
worst_symmetry,0.009342307591958934,boosting_suite_lightgbm_baseline,42,-1
worst_fractal_dimension,0.005963111662465035,boosting_suite_lightgbm_baseline,42,-1
mean_radius,0.006605863047822419,boosting_suite_lightgbm_baseline,42,-1
mean_texture,0.024433500551169066,boosting_suite_lightgbm_baseline,42,-1
mean_perimeter,0.006386775136904108,boosting_suite_lightgbm_baseline,42,-1
mean_area,0.006703452424398692,boosting_suite_lightgbm_baseline,42,-1
mean_smoothness,0.006775943635980925,boosting_suite_lightgbm_baseline,42,-1
mean_compactness,0.007004280774196998,boosting_suite_lightgbm_baseline,42,-1
mean_concavity,0.00830452426941937,boosting_suite_lightgbm_baseline,42,-1
mean_concave_points,0.026818568477030347,boosting_suite_lightgbm_baseline,42,-1
mean_symmetry,0.0071854034890232185,boosting_suite_lightgbm_baseline,42,-1
mean_fractal_dimension,0.006152768682677366,boosting_suite_lightgbm_baseline,42,-1
radius_error,0.008542120796136709,boosting_suite_lightgbm_baseline,42,-1
texture_error,0.005321663920539148,boosting_suite_lightgbm_baseline,42,-1
perimeter_error,0.005630743476998417,boosting_suite_lightgbm_baseline,42,-1
area_error,0.01658069113156997,boosting_suite_lightgbm_baseline,42,-1
smoothness_error,0.005754902676399693,boosting_suite_lightgbm_baseline,42,-1
compactness_error,0.005004076344474387,boosting_suite_lightgbm_baseline,42,-1
concavity_error,0.004589374225703529,boosting_suite_lightgbm_baseline,42,-1
concave_points_error,0.0056147303686280995,boosting_suite_lightgbm_baseline,42,-1
symmetry_error,0.006106792584519452,boosting_suite_lightgbm_baseline,42,-1
fractal_dimension_error,0.0058617544798431455,boosting_suite_lightgbm_baseline,42,-1
worst_radius,0.014604177600855023,boosting_suite_lightgbm_baseline,42,-1
worst_texture,0.01708505293646329,boosting_suite_lightgbm_baseline,42,-1
worst_perimeter,0.06392941042753995,boosting_suite_lightgbm_baseline,42,-1
worst_area,0.0571761415202613,boosting_suite_lightgbm_baseline,42,-1
worst_smoothness,0.011148552271774057,boosting_suite_lightgbm_baseline,42,-1
worst_compactness,0.006302421781702217,boosting_suite_lightgbm_baseline,42,-1
worst_concavity,0.02807445597030483,boosting_suite_lightgbm_baseline,42,-1
worst_concave_points,0.06342885979432919,boosting_suite_lightgbm_baseline,42,-1
worst_symmetry,0.011192434068025328,boosting_suite_lightgbm_baseline,42,-1
worst_fractal_dimension,0.007122410709167987,boosting_suite_lightgbm_baseline,42,-1
mean_radius,0.0061053765123610295,boosting_suite_lightgbm_baseline,42,-1
mean_texture,0.0064791717337240266,boosting_suite_lightgbm_baseline,42,-1
mean_perimeter,0.004553991998964641,boosting_suite_lightgbm_baseline,42,-1
mean_area,0.005328128561810006,boosting_suite_lightgbm_baseline,42,-1
mean_smoothness,0.008513784918327954,boosting_suite_lightgbm_baseline,42,-1
mean_compactness,0.005685417446508707,boosting_suite_lightgbm_baseline,42,-1
mean_concavity,0.007615135873014791,boosting_suite_lightgbm_baseline,42,-1
mean_concave_points,0.05544931220545133,boosting_suite_lightgbm_baseline,42,-1
mean_symmetry,0.007987353348508211,boosting_suite_lightgbm_baseline,42,-1
mean_fractal_dimension,0.005209058160816068,boosting_suite_lightgbm_baseline,42,-1
radius_error,0.0079403456743303,boosting_suite_lightgbm_baseline,42,-1
texture_error,0.0059656450856304276,boosting_suite_lightgbm_baseline,42,-1
perimeter_error,0.00615185765487901,boosting_suite_lightgbm_baseline,42,-1
area_error,0.03835088131184766,boosting_suite_lightgbm_baseline,42,-1
smoothness_error,0.0050246386458726484,boosting_suite_lightgbm_baseline,42,-1
compactness_error,0.003530476876929309,boosting_suite_lightgbm_baseline,42,-1
concavity_error,0.006103716387802598,boosting_suite_lightgbm_baseline,42,-1
concave_points_error,0.006648387284273911,boosting_suite_lightgbm_baseline,42,-1
symmetry_error,0.0061211530711875895,boosting_suite_lightgbm_baseline,42,-1
fractal_dimension_error,0.006699222913005709,boosting_suite_lightgbm_baseline,42,-1
worst_radius,0.014036742642655751,boosting_suite_lightgbm_baseline,42,-1
worst_texture,0.03761566620042988,boosting_suite_lightgbm_baseline,42,-1
worst_perimeter,0.018859123790889488,boosting_suite_lightgbm_baseline,42,-1
worst_area,0.08880649184372925,boosting_suite_lightgbm_baseline,42,-1
worst_smoothness,0.00967009593459248,boosting_suite_lightgbm_baseline,42,-1
worst_compactness,0.007389658689113441,boosting_suite_lightgbm_baseline,42,-1
worst_concavity,0.0364131921783709,boosting_suite_lightgbm_baseline,42,-1
worst_concave_points,0.03128002007083682,boosting_suite_lightgbm_baseline,42,-1
worst_symmetry,0.007734183503352685,boosting_suite_lightgbm_baseline,42,-1
worst_fractal_dimension,0.005629332887952372,boosting_suite_lightgbm_baseline,42,-1
mean_radius,0.006476109188586778,boosting_suite_lightgbm_baseline,42,-1
mean_texture,0.0198117485227331,boosting_suite_lightgbm_baseline,42,-1
mean_perimeter,0.005522453029566478,boosting_suite_lightgbm_baseline,42,-1
mean_area,0.006921993139817009,boosting_suite_lightgbm_baseline,42,-1
mean_smoothness,0.010218115314040552,boosting_suite_lightgbm_baseline,42,-1
mean_compactness,0.00644663130879358,boosting_suite_lightgbm_baseline,42,-1
mean_concavity,0.01287278816541909,boosting_suite_lightgbm_baseline,42,-1
mean_concave_points,0.033454312395781,boosting_suite_lightgbm_baseline,42,-1
mean_symmetry,0.007569117230442539,boosting_suite_lightgbm_baseline,42,-1
mean_fractal_dimension,0.007831601475367614,boosting_suite_lightgbm_baseline,42,-1
radius_error,0.008443503116043628,boosting_suite_lightgbm_baseline,42,-1
texture_error,0.005443981195467652,boosting_suite_lightgbm_baseline,42,-1
perimeter_error,0.007329961629880203,boosting_suite_lightgbm_baseline,42,-1
area_error,0.026788082193283425,boosting_suite_lightgbm_baseline,42,-1
smoothness_error,0.0065273300036130825,boosting_suite_lightgbm_baseline,42,-1
compactness_error,0.004941889285640823,boosting_suite_lightgbm_baseline,42,-1
concavity_error,0.005188149498457595,boosting_suite_lightgbm_baseline,42,-1
concave_points_error,0.006637201759882585,boosting_suite_lightgbm_baseline,42,-1
symmetry_error,0.005510774719284676,boosting_suite_lightgbm_baseline,42,-1
fractal_dimension_error,0.006080707494104121,boosting_suite_lightgbm_baseline,42,-1
worst_radius,0.027467657290037847,boosting_suite_lightgbm_baseline,42,-1
worst_texture,0.019711961186718936,boosting_suite_lightgbm_baseline,42,-1
worst_perimeter,0.055686058117880785,boosting_suite_lightgbm_baseline,42,-1
worst_area,0.03768693711875488,boosting_suite_lightgbm_baseline,42,-1
worst_smoothness,0.01666136939390846,boosting_suite_lightgbm_baseline,42,-1
worst_compactness,0.006046586964842591,boosting_suite_lightgbm_baseline,42,-1
worst_concavity,0.025526713264442752,boosting_suite_lightgbm_baseline,42,-1
worst_concave_points,0.056220390144054014,boosting_suite_lightgbm_baseline,42,-1
worst_symmetry,0.006565172168558956,boosting_suite_lightgbm_baseline,42,-1
worst_fractal_dimension,0.0048392009954617695,boosting_suite_lightgbm_baseline,42,-1
mean_radius,0.008124678962924192,boosting_suite_lightgbm_baseline,77,-1
mean_texture,0.02582332476504044,boosting_suite_lightgbm_baseline,77,-1
mean_perimeter,0.006356455127030311,boosting_suite_lightgbm_baseline,77,-1
mean_area,0.009598593406679637,boosting_suite_lightgbm_baseline,77,-1
mean_smoothness,0.00788469160556247,boosting_suite_lightgbm_baseline,77,-1
mean_compactness,0.006976675560167067,boosting_suite_lightgbm_baseline,77,-1
mean_concavity,0.009971934595665442,boosting_suite_lightgbm_baseline,77,-1
mean_concave_points,0.024570210863250716,boosting_suite_lightgbm_baseline,77,-1
mean_symmetry,0.007794811333473554,boosting_suite_lightgbm_baseline,77,-1
mean_fractal_dimension,0.005391959591015404,boosting_suite_lightgbm_baseline,77,-1
radius_error,0.009907922751914213,boosting_suite_lightgbm_baseline,77,-1
texture_error,0.006379180809004633,boosting_suite_lightgbm_baseline,77,-1
perimeter_error,0.011118970829548082,boosting_suite_lightgbm_baseline,77,-1
area_error,0.021425568366777382,boosting_suite_lightgbm_baseline,77,-1
smoothness_error,0.006575991207585394,boosting_suite_lightgbm_baseline,77,-1
compactness_error,0.0053457193215238905,boosting_suite_lightgbm_baseline,77,-1
concavity_error,0.006079222436901287,boosting_suite_lightgbm_baseline,77,-1
concave_points_error,0.006450245068326845,boosting_suite_lightgbm_baseline,77,-1
symmetry_error,0.00610990806826197,boosting_suite_lightgbm_baseline,77,-1
fractal_dimension_error,0.006265821704314398,boosting_suite_lightgbm_baseline,77,-1
worst_radius,0.024690826306042107,boosting_suite_lightgbm_baseline,77,-1
worst_texture,0.016735126882813842,boosting_suite_lightgbm_baseline,77,-1
worst_perimeter,0.040438507345408034,boosting_suite_lightgbm_baseline,77,-1
worst_area,0.06452081859340111,boosting_suite_lightgbm_baseline,77,-1
worst_smoothness,0.011575581170466483,boosting_suite_lightgbm_baseline,77,-1
worst_compactness,0.0070127408108913,boosting_suite_lightgbm_baseline,77,-1
worst_concavity,0.037835061296585655,boosting_suite_lightgbm_baseline,77,-1
worst_concave_points,0.052259240834288206,boosting_suite_lightgbm_baseline,77,-1
worst_symmetry,0.009377899460484158,boosting_suite_lightgbm_baseline,77,-1
worst_fractal_dimension,0.006171883609445995,boosting_suite_lightgbm_baseline,77,-1
mean_radius,0.006357420798925124,boosting_suite_lightgbm_baseline,77,-1
mean_texture,0.024843705770180757,boosting_suite_lightgbm_baseline,77,-1
mean_perimeter,0.0052216123383304995,boosting_suite_lightgbm_baseline,77,-1
mean_area,0.017280776037826014,boosting_suite_lightgbm_baseline,77,-1
mean_smoothness,0.007830629759318938,boosting_suite_lightgbm_baseline,77,-1
mean_compactness,0.004543223324370768,boosting_suite_lightgbm_baseline,77,-1
mean_concavity,0.00658178206201116,boosting_suite_lightgbm_baseline,77,-1
mean_concave_points,0.06876269284326798,boosting_suite_lightgbm_baseline,77,-1
mean_symmetry,0.005524926363680119,boosting_suite_lightgbm_baseline,77,-1
mean_fractal_dimension,0.005294970677122389,boosting_suite_lightgbm_baseline,77,-1
radius_error,0.0071200965717407964,boosting_suite_lightgbm_baseline,77,-1
texture_error,0.00451763970237938,boosting_suite_lightgbm_baseline,77,-1
perimeter_error,0.00617118611826333,boosting_suite_lightgbm_baseline,77,-1
area_error,0.023368248641522652,boosting_suite_lightgbm_baseline,77,-1
smoothness_error,0.005870837117522848,boosting_suite_lightgbm_baseline,77,-1
compactness_error,0.0045962688962803535,boosting_suite_lightgbm_baseline,77,-1
concavity_error,0.0057241313747751895,boosting_suite_lightgbm_baseline,77,-1
concave_points_error,0.006173364738449589,boosting_suite_lightgbm_baseline,77,-1
symmetry_error,0.006465580497079495,boosting_suite_lightgbm_baseline,77,-1
fractal_dimension_error,0.006716555765596409,boosting_suite_lightgbm_baseline,77,-1
worst_radius,0.014262628505724679,boosting_suite_lightgbm_baseline,77,-1
worst_texture,0.023451413254383026,boosting_suite_lightgbm_baseline,77,-1
worst_perimeter,0.03406711359120056,boosting_suite_lightgbm_baseline,77,-1
worst_area,0.06446468254275964,boosting_suite_lightgbm_baseline,77,-1
worst_smoothness,0.027393634543263448,boosting_suite_lightgbm_baseline,77,-1
worst_compactness,0.0075657487896973385,boosting_suite_lightgbm_baseline,77,-1
worst_concavity,0.03194446139917872,boosting_suite_lightgbm_baseline,77,-1
worst_concave_points,0.02585848730108141,boosting_suite_lightgbm_baseline,77,-1
worst_symmetry,0.007505089010396899,boosting_suite_lightgbm_baseline,77,-1
worst_fractal_dimension,0.0054653242781357025,boosting_suite_lightgbm_baseline,77,-1
mean_radius,0.004190472032653525,boosting_suite_lightgbm_baseline,77,-1
mean_texture,0.015369282003559716,boosting_suite_lightgbm_baseline,77,-1
mean_perimeter,0.005293534592052522,boosting_suite_lightgbm_baseline,77,-1
mean_area,0.006881941564925041,boosting_suite_lightgbm_baseline,77,-1
mean_smoothness,0.009398149432495553,boosting_suite_lightgbm_baseline,77,-1
mean_compactness,0.006696426875160833,boosting_suite_lightgbm_baseline,77,-1
mean_concavity,0.008403615741246291,boosting_suite_lightgbm_baseline,77,-1
mean_concave_points,0.027190860364462527,boosting_suite_lightgbm_baseline,77,-1
mean_symmetry,0.006655613595045677,boosting_suite_lightgbm_baseline,77,-1
mean_fractal_dimension,0.006121571813805091,boosting_suite_lightgbm_baseline,77,-1
radius_error,0.0083418261982679,boosting_suite_lightgbm_baseline,77,-1
texture_error,0.00542501013030282,boosting_suite_lightgbm_baseline,77,-1
perimeter_error,0.00986071403386368,boosting_suite_lightgbm_baseline,77,-1
area_error,0.01857746244289362,boosting_suite_lightgbm_baseline,77,-1
smoothness_error,0.006218952753604045,boosting_suite_lightgbm_baseline,77,-1
compactness_error,0.005833832544659141,boosting_suite_lightgbm_baseline,77,-1
concavity_error,0.0048038502928170424,boosting_suite_lightgbm_baseline,77,-1
concave_points_error,0.007662232141092396,boosting_suite_lightgbm_baseline,77,-1
symmetry_error,0.005818235064407053,boosting_suite_lightgbm_baseline,77,-1
fractal_dimension_error,0.007642826835264705,boosting_suite_lightgbm_baseline,77,-1
worst_radius,0.01708224682886923,boosting_suite_lightgbm_baseline,77,-1
worst_texture,0.023686639110237634,boosting_suite_lightgbm_baseline,77,-1
worst_perimeter,0.0284959478929514,boosting_suite_lightgbm_baseline,77,-1
worst_area,0.07317734671640189,boosting_suite_lightgbm_baseline,77,-1
worst_smoothness,0.008756336216534148,boosting_suite_lightgbm_baseline,77,-1
worst_compactness,0.005352557908257168,boosting_suite_lightgbm_baseline,77,-1
worst_concavity,0.02737555387324778,boosting_suite_lightgbm_baseline,77,-1
worst_concave_points,0.10066397334987524,boosting_suite_lightgbm_baseline,77,-1
worst_symmetry,0.00784573278068872,boosting_suite_lightgbm_baseline,77,-1
worst_fractal_dimension,0.006122799630962288,boosting_suite_lightgbm_baseline,77,-1
mean_radius,0.007843805469936831,boosting_suite_lightgbm_baseline,77,-1
mean_texture,0.011159514505527868,boosting_suite_lightgbm_baseline,77,-1
mean_perimeter,0.0055487165107841584,boosting_suite_lightgbm_baseline,77,-1
mean_area,0.004517070434385328,boosting_suite_lightgbm_baseline,77,-1
mean_smoothness,0.007079392967179189,boosting_suite_lightgbm_baseline,77,-1
mean_compactness,0.005104335153472417,boosting_suite_lightgbm_baseline,77,-1
mean_concavity,0.007055392111133626,boosting_suite_lightgbm_baseline,77,-1
mean_concave_points,0.025385507086423956,boosting_suite_lightgbm_baseline,77,-1
mean_symmetry,0.005200324093692147,boosting_suite_lightgbm_baseline,77,-1
mean_fractal_dimension,0.0071836608924571764,boosting_suite_lightgbm_baseline,77,-1
radius_error,0.0071701211611413795,boosting_suite_lightgbm_baseline,77,-1
texture_error,0.007500658697905456,boosting_suite_lightgbm_baseline,77,-1
perimeter_error,0.0044043053693207075,boosting_suite_lightgbm_baseline,77,-1
area_error,0.03439029815419959,boosting_suite_lightgbm_baseline,77,-1
smoothness_error,0.00565344257838756,boosting_suite_lightgbm_baseline,77,-1
compactness_error,0.0043280953413314385,boosting_suite_lightgbm_baseline,77,-1
concavity_error,0.004082454828933314,boosting_suite_lightgbm_baseline,77,-1
concave_points_error,0.004729641839081759,boosting_suite_lightgbm_baseline,77,-1
symmetry_error,0.004159727823211101,boosting_suite_lightgbm_baseline,77,-1
fractal_dimension_error,0.004048731097374613,boosting_suite_lightgbm_baseline,77,-1
worst_radius,0.01627589374288991,boosting_suite_lightgbm_baseline,77,-1
worst_texture,0.03419171708992979,boosting_suite_lightgbm_baseline,77,-1
worst_perimeter,0.11885958327943595,boosting_suite_lightgbm_baseline,77,-1
worst_area,0.03102087020040672,boosting_suite_lightgbm_baseline,77,-1
worst_smoothness,0.018236680106641114,boosting_suite_lightgbm_baseline,77,-1
worst_compactness,0.00548619666507882,boosting_suite_lightgbm_baseline,77,-1
worst_concavity,0.02744468668232967,boosting_suite_lightgbm_baseline,77,-1
worst_concave_points,0.041741501229868624,boosting_suite_lightgbm_baseline,77,-1
worst_symmetry,0.007164272879536473,boosting_suite_lightgbm_baseline,77,-1
worst_fractal_dimension,0.007220019603890607,boosting_suite_lightgbm_baseline,77,-1
mean_radius,0.00586338041639124,boosting_suite_lightgbm_baseline,77,-1
mean_texture,0.011373277201461312,boosting_suite_lightgbm_baseline,77,-1
mean_perimeter,0.006289935240349079,boosting_suite_lightgbm_baseline,77,-1
mean_area,0.006119039890226783,boosting_suite_lightgbm_baseline,77,-1
mean_smoothness,0.009726741932530114,boosting_suite_lightgbm_baseline,77,-1
mean_compactness,0.003909789285242456,boosting_suite_lightgbm_baseline,77,-1
mean_concavity,0.011418926469687783,boosting_suite_lightgbm_baseline,77,-1
mean_concave_points,0.021232928998552347,boosting_suite_lightgbm_baseline,77,-1
mean_symmetry,0.006090893110930601,boosting_suite_lightgbm_baseline,77,-1
mean_fractal_dimension,0.005407261692558606,boosting_suite_lightgbm_baseline,77,-1
radius_error,0.010771805144558307,boosting_suite_lightgbm_baseline,77,-1
texture_error,0.006607048414613121,boosting_suite_lightgbm_baseline,77,-1
perimeter_error,0.010593645667699658,boosting_suite_lightgbm_baseline,77,-1
area_error,0.03409575392757433,boosting_suite_lightgbm_baseline,77,-1
smoothness_error,0.006334252386497887,boosting_suite_lightgbm_baseline,77,-1
compactness_error,0.005404462012615288,boosting_suite_lightgbm_baseline,77,-1
concavity_error,0.006673032461267406,boosting_suite_lightgbm_baseline,77,-1
concave_points_error,0.006711543594670739,boosting_suite_lightgbm_baseline,77,-1
symmetry_error,0.00851689974572198,boosting_suite_lightgbm_baseline,77,-1
fractal_dimension_error,0.0050125424208771665,boosting_suite_lightgbm_baseline,77,-1
worst_radius,0.01253755584079018,boosting_suite_lightgbm_baseline,77,-1
worst_texture,0.02976827585864379,boosting_suite_lightgbm_baseline,77,-1
worst_perimeter,0.06202406953357774,boosting_suite_lightgbm_baseline,77,-1
worst_area,0.07526400352778277,boosting_suite_lightgbm_baseline,77,-1
worst_smoothness,0.013632685497828746,boosting_suite_lightgbm_baseline,77,-1
worst_compactness,0.00657001866860998,boosting_suite_lightgbm_baseline,77,-1
worst_concavity,0.011721978907947555,boosting_suite_lightgbm_baseline,77,-1
worst_concave_points,0.06077725138550244,boosting_suite_lightgbm_baseline,77,-1
worst_symmetry,0.007188227543631447,boosting_suite_lightgbm_baseline,77,-1
worst_fractal_dimension,0.005861321404071311,boosting_suite_lightgbm_baseline,77,-1
mean_radius,0.005625168899080055,boosting_suite_xgboost_baseline,42,-1
mean_texture,0.017687751645322776,boosting_suite_xgboost_baseline,42,-1
mean_perimeter,0.0033370239962966634,boosting_suite_xgboost_baseline,42,-1
mean_area,0.007047504057821436,boosting_suite_xgboost_baseline,42,-1
mean_smoothness,0.010821645792224187,boosting_suite_xgboost_baseline,42,-1
mean_compactness,0.0044054842802975485,boosting_suite_xgboost_baseline,42,-1
mean_concavity,0.005252709171303061,boosting_suite_xgboost_baseline,42,-1
mean_concave_points,0.04025479182728593,boosting_suite_xgboost_baseline,42,-1
mean_symmetry,0.005570798252410775,boosting_suite_xgboost_baseline,42,-1
mean_fractal_dimension,0.003373865414504175,boosting_suite_xgboost_baseline,42,-1
radius_error,0.007678335862895596,boosting_suite_xgboost_baseline,42,-1
texture_error,0.005979393626529578,boosting_suite_xgboost_baseline,42,-1
perimeter_error,0.005313518903587945,boosting_suite_xgboost_baseline,42,-1
area_error,0.04629125109443444,boosting_suite_xgboost_baseline,42,-1
smoothness_error,0.005580055344117938,boosting_suite_xgboost_baseline,42,-1
compactness_error,0.0045469842648651745,boosting_suite_xgboost_baseline,42,-1
concavity_error,0.00518366870323474,boosting_suite_xgboost_baseline,42,-1
concave_points_error,0.0052819865516870144,boosting_suite_xgboost_baseline,42,-1
symmetry_error,0.006527910693351264,boosting_suite_xgboost_baseline,42,-1
fractal_dimension_error,0.003934431882250225,boosting_suite_xgboost_baseline,42,-1
worst_radius,0.030572423546674016,boosting_suite_xgboost_baseline,42,-1
worst_texture,0.03552084600444547,boosting_suite_xgboost_baseline,42,-1
worst_perimeter,0.03943024427594287,boosting_suite_xgboost_baseline,42,-1
worst_area,0.03595211045226637,boosting_suite_xgboost_baseline,42,-1
worst_smoothness,0.013017850670857317,boosting_suite_xgboost_baseline,42,-1
worst_compactness,0.005115368949423621,boosting_suite_xgboost_baseline,42,-1
worst_concavity,0.03138097577260539,boosting_suite_xgboost_baseline,42,-1
worst_concave_points,0.05267872265829498,boosting_suite_xgboost_baseline,42,-1
worst_symmetry,0.006731811746794952,boosting_suite_xgboost_baseline,42,-1
worst_fractal_dimension,0.0040692656788014975,boosting_suite_xgboost_baseline,42,-1
mean_radius,0.004561467123928441,boosting_suite_xgboost_baseline,42,-1
mean_texture,0.018168297349465082,boosting_suite_xgboost_baseline,42,-1
mean_perimeter,0.003665393033471356,boosting_suite_xgboost_baseline,42,-1
mean_area,0.003749333417580491,boosting_suite_xgboost_baseline,42,-1
mean_smoothness,0.009747963550520315,boosting_suite_xgboost_baseline,42,-1
mean_compactness,0.00368354126989923,boosting_suite_xgboost_baseline,42,-1
mean_concavity,0.00674148229204029,boosting_suite_xgboost_baseline,42,-1
mean_concave_points,0.03250060102386773,boosting_suite_xgboost_baseline,42,-1
mean_symmetry,0.0048594790524945815,boosting_suite_xgboost_baseline,42,-1
mean_fractal_dimension,0.004503103883262409,boosting_suite_xgboost_baseline,42,-1
radius_error,0.006872972616025435,boosting_suite_xgboost_baseline,42,-1
texture_error,0.005492921088350766,boosting_suite_xgboost_baseline,42,-1
perimeter_error,0.00399100751069861,boosting_suite_xgboost_baseline,42,-1
area_error,0.05096448992699379,boosting_suite_xgboost_baseline,42,-1
smoothness_error,0.00419424776372119,boosting_suite_xgboost_baseline,42,-1
compactness_error,0.0039902624532817755,boosting_suite_xgboost_baseline,42,-1
concavity_error,0.004296488816862627,boosting_suite_xgboost_baseline,42,-1
concave_points_error,0.005770244885576075,boosting_suite_xgboost_baseline,42,-1
symmetry_error,0.006861037704222499,boosting_suite_xgboost_baseline,42,-1
fractal_dimension_error,0.003765505651950085,boosting_suite_xgboost_baseline,42,-1
worst_radius,0.02284388709478502,boosting_suite_xgboost_baseline,42,-1
worst_texture,0.02307002266819902,boosting_suite_xgboost_baseline,42,-1
worst_perimeter,0.06466652852590861,boosting_suite_xgboost_baseline,42,-1
worst_area,0.04660424314802346,boosting_suite_xgboost_baseline,42,-1
worst_smoothness,0.009055130390144179,boosting_suite_xgboost_baseline,42,-1
worst_compactness,0.005586607636393884,boosting_suite_xgboost_baseline,42,-1
worst_concavity,0.01733868402859542,boosting_suite_xgboost_baseline,42,-1
worst_concave_points,0.05785435167358778,boosting_suite_xgboost_baseline,42,-1
worst_symmetry,0.009947810131403376,boosting_suite_xgboost_baseline,42,-1
worst_fractal_dimension,0.004761714541896495,boosting_suite_xgboost_baseline,42,-1
mean_radius,0.006681552992352405,boosting_suite_xgboost_baseline,42,-1
mean_texture,0.033304712452937466,boosting_suite_xgboost_baseline,42,-1
mean_perimeter,0.005142087201908345,boosting_suite_xgboost_baseline,42,-1
mean_area,0.01009702369831568,boosting_suite_xgboost_baseline,42,-1
mean_smoothness,0.0066897387799676146,boosting_suite_xgboost_baseline,42,-1
mean_compactness,0.004234333324129526,boosting_suite_xgboost_baseline,42,-1
mean_concavity,0.00897802822093472,boosting_suite_xgboost_baseline,42,-1
mean_concave_points,0.041039151491501676,boosting_suite_xgboost_baseline,42,-1
mean_symmetry,0.004610416777595058,boosting_suite_xgboost_baseline,42,-1
mean_fractal_dimension,0.0065363112327018235,boosting_suite_xgboost_baseline,42,-1
radius_error,0.006038309818418489,boosting_suite_xgboost_baseline,42,-1
texture_error,0.005483866771754911,boosting_suite_xgboost_baseline,42,-1
perimeter_error,0.005187139946192364,boosting_suite_xgboost_baseline,42,-1
area_error,0.016400782796047276,boosting_suite_xgboost_baseline,42,-1
smoothness_error,0.0050196847794366,boosting_suite_xgboost_baseline,42,-1
compactness_error,0.0056143593041138974,boosting_suite_xgboost_baseline,42,-1
concavity_error,0.005836642017850207,boosting_suite_xgboost_baseline,42,-1
concave_points_error,0.007942761376463804,boosting_suite_xgboost_baseline,42,-1
symmetry_error,0.005656996230777086,boosting_suite_xgboost_baseline,42,-1
fractal_dimension_error,0.004916812948966815,boosting_suite_xgboost_baseline,42,-1
worst_radius,0.03652332007152155,boosting_suite_xgboost_baseline,42,-1
worst_texture,0.020970592623420724,boosting_suite_xgboost_baseline,42,-1
worst_perimeter,0.052685720567239816,boosting_suite_xgboost_baseline,42,-1
worst_area,0.027068734731803924,boosting_suite_xgboost_baseline,42,-1
worst_smoothness,0.017931931473889207,boosting_suite_xgboost_baseline,42,-1
worst_compactness,0.004364537537483748,boosting_suite_xgboost_baseline,42,-1
worst_concavity,0.03170939193317677,boosting_suite_xgboost_baseline,42,-1
worst_concave_points,0.04626133996625322,boosting_suite_xgboost_baseline,42,-1
worst_symmetry,0.011507683354706604,boosting_suite_xgboost_baseline,42,-1
worst_fractal_dimension,0.006400538735742889,boosting_suite_xgboost_baseline,42,-1
mean_radius,0.006707511895211622,boosting_suite_xgboost_baseline,42,-1
mean_texture,0.016765332728996298,boosting_suite_xgboost_baseline,42,-1
mean_perimeter,0.004574713018749568,boosting_suite_xgboost_baseline,42,-1
mean_area,0.008336064169311444,boosting_suite_xgboost_baseline,42,-1
mean_smoothness,0.011530827000751809,boosting_suite_xgboost_baseline,42,-1
mean_compactness,0.003674749141451788,boosting_suite_xgboost_baseline,42,-1
mean_concavity,0.009949675009955134,boosting_suite_xgboost_baseline,42,-1
mean_concave_points,0.038584764567571705,boosting_suite_xgboost_baseline,42,-1
mean_symmetry,0.005741249677304785,boosting_suite_xgboost_baseline,42,-1
mean_fractal_dimension,0.004196328962428108,boosting_suite_xgboost_baseline,42,-1
radius_error,0.007890210713847963,boosting_suite_xgboost_baseline,42,-1
texture_error,0.004874649226552138,boosting_suite_xgboost_baseline,42,-1
perimeter_error,0.0052771457691966174,boosting_suite_xgboost_baseline,42,-1
area_error,0.05110605638557923,boosting_suite_xgboost_baseline,42,-1
smoothness_error,0.004774711067693539,boosting_suite_xgboost_baseline,42,-1
compactness_error,0.0049209473022903535,boosting_suite_xgboost_baseline,42,-1
concavity_error,0.0035709792527922756,boosting_suite_xgboost_baseline,42,-1
concave_points_error,0.0066406872026585585,boosting_suite_xgboost_baseline,42,-1
symmetry_error,0.005864848432301554,boosting_suite_xgboost_baseline,42,-1
fractal_dimension_error,0.004331009796447469,boosting_suite_xgboost_baseline,42,-1
worst_radius,0.022375001361616506,boosting_suite_xgboost_baseline,42,-1
worst_texture,0.037587650615244224,boosting_suite_xgboost_baseline,42,-1
worst_perimeter,0.03272857497761316,boosting_suite_xgboost_baseline,42,-1
worst_area,0.05358269889712026,boosting_suite_xgboost_baseline,42,-1
worst_smoothness,0.020117340662504323,boosting_suite_xgboost_baseline,42,-1
worst_compactness,0.005187494808955214,boosting_suite_xgboost_baseline,42,-1
worst_concavity,0.031009972503337986,boosting_suite_xgboost_baseline,42,-1
worst_concave_points,0.03311766287699738,boosting_suite_xgboost_baseline,42,-1
worst_symmetry,0.008274851929971596,boosting_suite_xgboost_baseline,42,-1
worst_fractal_dimension,0.0053632345537490585,boosting_suite_xgboost_baseline,42,-1
mean_radius,0.006537090734766398,boosting_suite_xgboost_baseline,42,-1
mean_texture,0.017544267572955487,boosting_suite_xgboost_baseline,42,-1
mean_perimeter,0.005204266912131661,boosting_suite_xgboost_baseline,42,-1
mean_area,0.007127210832488804,boosting_suite_xgboost_baseline,42,-1
mean_smoothness,0.008191268464006012,boosting_suite_xgboost_baseline,42,-1
mean_compactness,0.003961097798528206,boosting_suite_xgboost_baseline,42,-1
mean_concavity,0.009083583839328392,boosting_suite_xgboost_baseline,42,-1
mean_concave_points,0.03276040001607079,boosting_suite_xgboost_baseline,42,-1
mean_symmetry,0.003255840717471364,boosting_suite_xgboost_baseline,42,-1
mean_fractal_dimension,0.004871016288971493,boosting_suite_xgboost_baseline,42,-1
radius_error,0.006291295024739567,boosting_suite_xgboost_baseline,42,-1
texture_error,0.005942277214752213,boosting_suite_xgboost_baseline,42,-1
perimeter_error,0.006564403975900669,boosting_suite_xgboost_baseline,42,-1
area_error,0.0445995850175621,boosting_suite_xgboost_baseline,42,-1
smoothness_error,0.00540064766337664,boosting_suite_xgboost_baseline,42,-1
compactness_error,0.003873908128833205,boosting_suite_xgboost_baseline,42,-1
concavity_error,0.005004450251945836,boosting_suite_xgboost_baseline,42,-1
concave_points_error,0.006039702303235944,boosting_suite_xgboost_baseline,42,-1
symmetry_error,0.006017986546211143,boosting_suite_xgboost_baseline,42,-1
fractal_dimension_error,0.0048772410375976585,boosting_suite_xgboost_baseline,42,-1
worst_radius,0.028398484577053323,boosting_suite_xgboost_baseline,42,-1
worst_texture,0.03016827971912104,boosting_suite_xgboost_baseline,42,-1
worst_perimeter,0.02521967720643152,boosting_suite_xgboost_baseline,42,-1
worst_area,0.05283376940064252,boosting_suite_xgboost_baseline,42,-1
worst_smoothness,0.021550633135768625,boosting_suite_xgboost_baseline,42,-1
worst_compactness,0.007822878938180351,boosting_suite_xgboost_baseline,42,-1
worst_concavity,0.03548397238649758,boosting_suite_xgboost_baseline,42,-1
worst_concave_points,0.047679461149458015,boosting_suite_xgboost_baseline,42,-1
worst_symmetry,0.005331006395669614,boosting_suite_xgboost_baseline,42,-1
worst_fractal_dimension,0.004422216354523835,boosting_suite_xgboost_baseline,42,-1
mean_radius,0.00532416086044278,boosting_suite_xgboost_baseline,77,-1
mean_texture,0.029602340390961306,boosting_suite_xgboost_baseline,77,-1
mean_perimeter,0.0054450179354319115,boosting_suite_xgboost_baseline,77,-1
mean_area,0.011232905833706787,boosting_suite_xgboost_baseline,77,-1
mean_smoothness,0.008900469422942332,boosting_suite_xgboost_baseline,77,-1
mean_compactness,0.004113027122520212,boosting_suite_xgboost_baseline,77,-1
mean_concavity,0.009755869048565246,boosting_suite_xgboost_baseline,77,-1
mean_concave_points,0.03011856667701975,boosting_suite_xgboost_baseline,77,-1
mean_symmetry,0.0044066563923485244,boosting_suite_xgboost_baseline,77,-1
mean_fractal_dimension,0.004174988882261419,boosting_suite_xgboost_baseline,77,-1
radius_error,0.010839568323581206,boosting_suite_xgboost_baseline,77,-1
texture_error,0.005295245939819431,boosting_suite_xgboost_baseline,77,-1
perimeter_error,0.00525618364056143,boosting_suite_xgboost_baseline,77,-1
area_error,0.03144822168391941,boosting_suite_xgboost_baseline,77,-1
smoothness_error,0.006283780363853356,boosting_suite_xgboost_baseline,77,-1
compactness_error,0.005266693115231505,boosting_suite_xgboost_baseline,77,-1
concavity_error,0.004917880793594443,boosting_suite_xgboost_baseline,77,-1
concave_points_error,0.007231986155367753,boosting_suite_xgboost_baseline,77,-1
symmetry_error,0.0051735350433676905,boosting_suite_xgboost_baseline,77,-1
fractal_dimension_error,0.005433996837792302,boosting_suite_xgboost_baseline,77,-1
worst_radius,0.03645458025018832,boosting_suite_xgboost_baseline,77,-1
worst_texture,0.024750585871084568,boosting_suite_xgboost_baseline,77,-1
worst_perimeter,0.013323198787590952,boosting_suite_xgboost_baseline,77,-1
worst_area,0.06735408918508823,boosting_suite_xgboost_baseline,77,-1
worst_smoothness,0.012154590747061647,boosting_suite_xgboost_baseline,77,-1
worst_compactness,0.0058273064226292024,boosting_suite_xgboost_baseline,77,-1
worst_concavity,0.04654280221143099,boosting_suite_xgboost_baseline,77,-1
worst_concave_points,0.04268678359220547,boosting_suite_xgboost_baseline,77,-1
worst_symmetry,0.010881136334201756,boosting_suite_xgboost_baseline,77,-1
worst_fractal_dimension,0.004387740762014192,boosting_suite_xgboost_baseline,77,-1
mean_radius,0.006227479907783995,boosting_suite_xgboost_baseline,77,-1
mean_texture,0.03258199934245617,boosting_suite_xgboost_baseline,77,-1
mean_perimeter,0.0047093433068229155,boosting_suite_xgboost_baseline,77,-1
mean_area,0.01507773548120469,boosting_suite_xgboost_baseline,77,-1
mean_smoothness,0.00864965475723775,boosting_suite_xgboost_baseline,77,-1
mean_compactness,0.0050797984948105475,boosting_suite_xgboost_baseline,77,-1
mean_concavity,0.007817907194195589,boosting_suite_xgboost_baseline,77,-1
mean_concave_points,0.06341534169854306,boosting_suite_xgboost_baseline,77,-1
mean_symmetry,0.004334848504908057,boosting_suite_xgboost_baseline,77,-1
mean_fractal_dimension,0.004122515600411593,boosting_suite_xgboost_baseline,77,-1
radius_error,0.005383015031770597,boosting_suite_xgboost_baseline,77,-1
texture_error,0.00440459428771692,boosting_suite_xgboost_baseline,77,-1
perimeter_error,0.005115623937474173,boosting_suite_xgboost_baseline,77,-1
area_error,0.025621999806782546,boosting_suite_xgboost_baseline,77,-1
smoothness_error,0.005399019791523772,boosting_suite_xgboost_baseline,77,-1
compactness_error,0.00433769702558411,boosting_suite_xgboost_baseline,77,-1
concavity_error,0.003839882335325017,boosting_suite_xgboost_baseline,77,-1
concave_points_error,0.004289045367537855,boosting_suite_xgboost_baseline,77,-1
symmetry_error,0.005756060624363737,boosting_suite_xgboost_baseline,77,-1
fractal_dimension_error,0.004995866442002704,boosting_suite_xgboost_baseline,77,-1
worst_radius,0.0283373962098895,boosting_suite_xgboost_baseline,77,-1
worst_texture,0.026494411060682347,boosting_suite_xgboost_baseline,77,-1
worst_perimeter,0.023490731127201923,boosting_suite_xgboost_baseline,77,-1
worst_area,0.05704217786521162,boosting_suite_xgboost_baseline,77,-1
worst_smoothness,0.01795766169619388,boosting_suite_xgboost_baseline,77,-1
worst_compactness,0.0063221707503999195,boosting_suite_xgboost_baseline,77,-1
worst_concavity,0.030564633875052413,boosting_suite_xgboost_baseline,77,-1
worst_concave_points,0.03557944120156346,boosting_suite_xgboost_baseline,77,-1
worst_symmetry,0.010421231879299662,boosting_suite_xgboost_baseline,77,-1
worst_fractal_dimension,0.0067526735850524724,boosting_suite_xgboost_baseline,77,-1
mean_radius,0.004698961902102518,boosting_suite_xgboost_baseline,77,-1
mean_texture,0.0205591292885398,boosting_suite_xgboost_baseline,77,-1
mean_perimeter,0.0028071199717032446,boosting_suite_xgboost_baseline,77,-1
mean_area,0.00788490170119304,boosting_suite_xgboost_baseline,77,-1
mean_smoothness,0.011634175813801191,boosting_suite_xgboost_baseline,77,-1
mean_compactness,0.003909818332066827,boosting_suite_xgboost_baseline,77,-1
mean_concavity,0.006565333521180463,boosting_suite_xgboost_baseline,77,-1
mean_concave_points,0.03737933046871808,boosting_suite_xgboost_baseline,77,-1
mean_symmetry,0.005301078696732239,boosting_suite_xgboost_baseline,77,-1
mean_fractal_dimension,0.004542822715491466,boosting_suite_xgboost_baseline,77,-1
radius_error,0.010363599092614282,boosting_suite_xgboost_baseline,77,-1
texture_error,0.005118614767606312,boosting_suite_xgboost_baseline,77,-1
perimeter_error,0.005807195016278135,boosting_suite_xgboost_baseline,77,-1
area_error,0.031032986634714082,boosting_suite_xgboost_baseline,77,-1
smoothness_error,0.004631013405175388,boosting_suite_xgboost_baseline,77,-1
compactness_error,0.005271133770029162,boosting_suite_xgboost_baseline,77,-1
concavity_error,0.003934308229730461,boosting_suite_xgboost_baseline,77,-1
concave_points_error,0.006090192577644634,boosting_suite_xgboost_baseline,77,-1
symmetry_error,0.010003841020704623,boosting_suite_xgboost_baseline,77,-1
fractal_dimension_error,0.0060040668285332,boosting_suite_xgboost_baseline,77,-1
worst_radius,0.019033477361822967,boosting_suite_xgboost_baseline,77,-1
worst_texture,0.030069302900158745,boosting_suite_xgboost_baseline,77,-1
worst_perimeter,0.040670431175695236,boosting_suite_xgboost_baseline,77,-1
worst_area,0.045085571686924245,boosting_suite_xgboost_baseline,77,-1
worst_smoothness,0.012591797305995679,boosting_suite_xgboost_baseline,77,-1
worst_compactness,0.005090927781770783,boosting_suite_xgboost_baseline,77,-1
worst_concavity,0.02615977308138191,boosting_suite_xgboost_baseline,77,-1
worst_concave_points,0.07698085822328388,boosting_suite_xgboost_baseline,77,-1
worst_symmetry,0.011613986205821469,boosting_suite_xgboost_baseline,77,-1
worst_fractal_dimension,0.004438780215543442,boosting_suite_xgboost_baseline,77,-1
mean_radius,0.004465069903719162,boosting_suite_xgboost_baseline,77,-1
mean_texture,0.015566778435055939,boosting_suite_xgboost_baseline,77,-1
mean_perimeter,0.0048867541008497965,boosting_suite_xgboost_baseline,77,-1
mean_area,0.005652404513249365,boosting_suite_xgboost_baseline,77,-1
mean_smoothness,0.009439901593412613,boosting_suite_xgboost_baseline,77,-1
mean_compactness,0.004585782291180791,boosting_suite_xgboost_baseline,77,-1
mean_concavity,0.005327104128633705,boosting_suite_xgboost_baseline,77,-1
mean_concave_points,0.02815563584024168,boosting_suite_xgboost_baseline,77,-1
mean_symmetry,0.005023081240665067,boosting_suite_xgboost_baseline,77,-1
mean_fractal_dimension,0.005347138561212558,boosting_suite_xgboost_baseline,77,-1
radius_error,0.0071792082375988775,boosting_suite_xgboost_baseline,77,-1
texture_error,0.004403240307300861,boosting_suite_xgboost_baseline,77,-1
perimeter_error,0.005237276459506882,boosting_suite_xgboost_baseline,77,-1
area_error,0.05612582001154385,boosting_suite_xgboost_baseline,77,-1
smoothness_error,0.006297403862880252,boosting_suite_xgboost_baseline,77,-1
compactness_error,0.005537614081150067,boosting_suite_xgboost_baseline,77,-1
concavity_error,0.003975815664224615,boosting_suite_xgboost_baseline,77,-1
concave_points_error,0.004897266299735628,boosting_suite_xgboost_baseline,77,-1
symmetry_error,0.005340796952695876,boosting_suite_xgboost_baseline,77,-1
fractal_dimension_error,0.005604599707841249,boosting_suite_xgboost_baseline,77,-1
worst_radius,0.018308556732816637,boosting_suite_xgboost_baseline,77,-1
worst_texture,0.025925227493769555,boosting_suite_xgboost_baseline,77,-1
worst_perimeter,0.04307574136980359,boosting_suite_xgboost_baseline,77,-1
worst_area,0.04547153337551666,boosting_suite_xgboost_baseline,77,-1
worst_smoothness,0.007357197384672335,boosting_suite_xgboost_baseline,77,-1
worst_compactness,0.0053661362343624865,boosting_suite_xgboost_baseline,77,-1
worst_concavity,0.03933491671910623,boosting_suite_xgboost_baseline,77,-1
worst_concave_points,0.07192987125243061,boosting_suite_xgboost_baseline,77,-1
worst_symmetry,0.010799115227923727,boosting_suite_xgboost_baseline,77,-1
worst_fractal_dimension,0.004587762200306018,boosting_suite_xgboost_baseline,77,-1
mean_radius,0.003509934977820282,boosting_suite_xgboost_baseline,77,-1
mean_texture,0.010517194497655424,boosting_suite_xgboost_baseline,77,-1
mean_perimeter,0.005292443555590122,boosting_suite_xgboost_baseline,77,-1
mean_area,0.005466946329556033,boosting_suite_xgboost_baseline,77,-1
mean_smoothness,0.0060141417166862735,boosting_suite_xgboost_baseline,77,-1
mean_compactness,0.004223721824412099,boosting_suite_xgboost_baseline,77,-1
mean_concavity,0.009545640808694212,boosting_suite_xgboost_baseline,77,-1
mean_concave_points,0.03659512336801596,boosting_suite_xgboost_baseline,77,-1
mean_symmetry,0.004165840726944505,boosting_suite_xgboost_baseline,77,-1
mean_fractal_dimension,0.005319954541490281,boosting_suite_xgboost_baseline,77,-1
radius_error,0.007614274919094821,boosting_suite_xgboost_baseline,77,-1
texture_error,0.004399066237265822,boosting_suite_xgboost_baseline,77,-1
perimeter_error,0.00649108041784494,boosting_suite_xgboost_baseline,77,-1
area_error,0.06424854857493989,boosting_suite_xgboost_baseline,77,-1
smoothness_error,0.004863702162107929,boosting_suite_xgboost_baseline,77,-1
compactness_error,0.005285189691907332,boosting_suite_xgboost_baseline,77,-1
concavity_error,0.005837480141904023,boosting_suite_xgboost_baseline,77,-1
concave_points_error,0.0060977068511159195,boosting_suite_xgboost_baseline,77,-1
symmetry_error,0.008246508184345068,boosting_suite_xgboost_baseline,77,-1
fractal_dimension_error,0.005030727823014448,boosting_suite_xgboost_baseline,77,-1
worst_radius,0.018791046627474228,boosting_suite_xgboost_baseline,77,-1
worst_texture,0.04145318750892705,boosting_suite_xgboost_baseline,77,-1
worst_perimeter,0.04478707986584122,boosting_suite_xgboost_baseline,77,-1
worst_area,0.04612626621317394,boosting_suite_xgboost_baseline,77,-1
worst_smoothness,0.010116852138282381,boosting_suite_xgboost_baseline,77,-1
worst_compactness,0.00543053298821328,boosting_suite_xgboost_baseline,77,-1
worst_concavity,0.009790231484969039,boosting_suite_xgboost_baseline,77,-1
worst_concave_points,0.06812698259776302,boosting_suite_xgboost_baseline,77,-1
worst_symmetry,0.006518061035164091,boosting_suite_xgboost_baseline,77,-1
worst_fractal_dimension,0.005059161232369863,boosting_suite_xgboost_baseline,77,-1
mean_radius,0.006068640465324611,feature_ablation_xgboost_baseline,42,-1
mean_texture,0.02024192945889732,feature_ablation_xgboost_baseline,42,-1
mean_perimeter,0.006086047084976768,feature_ablation_xgboost_baseline,42,-1
mean_area,0.008463815465289827,feature_ablation_xgboost_baseline,42,-1
mean_smoothness,0.011274933302547682,feature_ablation_xgboost_baseline,42,-1
mean_compactness,0.005617011573765073,feature_ablation_xgboost_baseline,42,-1
mean_concavity,0.004673733036225469,feature_ablation_xgboost_baseline,42,-1
mean_concave_points,0.039223472464045055,feature_ablation_xgboost_baseline,42,-1
mean_symmetry,0.004640218108348089,feature_ablation_xgboost_baseline,42,-1
mean_fractal_dimension,0.004144590755461951,feature_ablation_xgboost_baseline,42,-1
radius_error,0.0074547622064258055,feature_ablation_xgboost_baseline,42,-1
texture_error,0.0052010866915733756,feature_ablation_xgboost_baseline,42,-1
perimeter_error,0.00460857031744718,feature_ablation_xgboost_baseline,42,-1
area_error,0.04312211206727074,feature_ablation_xgboost_baseline,42,-1
smoothness_error,0.00388576647245478,feature_ablation_xgboost_baseline,42,-1
compactness_error,0.004093294958574137,feature_ablation_xgboost_baseline,42,-1
concavity_error,0.0035491269453913534,feature_ablation_xgboost_baseline,42,-1
concave_points_error,0.004400305166080533,feature_ablation_xgboost_baseline,42,-1
symmetry_error,0.006097278874477271,feature_ablation_xgboost_baseline,42,-1
fractal_dimension_error,0.004940933732958634,feature_ablation_xgboost_baseline,42,-1
worst_radius,0.03152470795124475,feature_ablation_xgboost_baseline,42,-1
worst_texture,0.03835709814286714,feature_ablation_xgboost_baseline,42,-1
worst_perimeter,0.04058227029715845,feature_ablation_xgboost_baseline,42,-1
worst_area,0.03644668949882379,feature_ablation_xgboost_baseline,42,-1
worst_smoothness,0.011853856110325347,feature_ablation_xgboost_baseline,42,-1
worst_compactness,0.005672061840988805,feature_ablation_xgboost_baseline,42,-1
worst_concavity,0.03407879604547982,feature_ablation_xgboost_baseline,42,-1
worst_concave_points,0.049746885145456776,feature_ablation_xgboost_baseline,42,-1
worst_symmetry,0.00646284792677807,feature_ablation_xgboost_baseline,42,-1
worst_fractal_dimension,0.004061004561855377,feature_ablation_xgboost_baseline,42,-1
mean_radius,0.0055660397471687315,feature_ablation_xgboost_baseline,42,-1
mean_texture,0.017555035168102615,feature_ablation_xgboost_baseline,42,-1
mean_perimeter,0.004141530102516991,feature_ablation_xgboost_baseline,42,-1
mean_area,0.005291022773423543,feature_ablation_xgboost_baseline,42,-1
mean_smoothness,0.007102652980387862,feature_ablation_xgboost_baseline,42,-1
mean_compactness,0.0028773874117119526,feature_ablation_xgboost_baseline,42,-1
mean_concavity,0.008139205281647088,feature_ablation_xgboost_baseline,42,-1
mean_concave_points,0.033472858909328634,feature_ablation_xgboost_baseline,42,-1
mean_symmetry,0.00373992123386728,feature_ablation_xgboost_baseline,42,-1
mean_fractal_dimension,0.003688418864069844,feature_ablation_xgboost_baseline,42,-1
radius_error,0.0045003219593095336,feature_ablation_xgboost_baseline,42,-1
texture_error,0.0055026299358109905,feature_ablation_xgboost_baseline,42,-1
perimeter_error,0.00543394884014965,feature_ablation_xgboost_baseline,42,-1
area_error,0.052116263605013806,feature_ablation_xgboost_baseline,42,-1
smoothness_error,0.004329603466028563,feature_ablation_xgboost_baseline,42,-1
compactness_error,0.004741985199544591,feature_ablation_xgboost_baseline,42,-1
concavity_error,0.004249162726545785,feature_ablation_xgboost_baseline,42,-1
concave_points_error,0.00406190869326989,feature_ablation_xgboost_baseline,42,-1
symmetry_error,0.008157099720202518,feature_ablation_xgboost_baseline,42,-1
fractal_dimension_error,0.003906915943530057,feature_ablation_xgboost_baseline,42,-1
worst_radius,0.022560230894060628,feature_ablation_xgboost_baseline,42,-1
worst_texture,0.022057381914278865,feature_ablation_xgboost_baseline,42,-1
worst_perimeter,0.06554860499227147,feature_ablation_xgboost_baseline,42,-1
worst_area,0.04599146076241418,feature_ablation_xgboost_baseline,42,-1
worst_smoothness,0.006758903519610445,feature_ablation_xgboost_baseline,42,-1
worst_compactness,0.004283918480411259,feature_ablation_xgboost_baseline,42,-1
worst_concavity,0.018890523046504844,feature_ablation_xgboost_baseline,42,-1
worst_concave_points,0.059307058211951605,feature_ablation_xgboost_baseline,42,-1
worst_symmetry,0.012646908859107391,feature_ablation_xgboost_baseline,42,-1
worst_fractal_dimension,0.0049583842180423035,feature_ablation_xgboost_baseline,42,-1
mean_radius,0.007806935286395984,feature_ablation_xgboost_baseline,42,-1
mean_texture,0.030385932896560806,feature_ablation_xgboost_baseline,42,-1
mean_perimeter,0.005851441851574004,feature_ablation_xgboost_baseline,42,-1
mean_area,0.010958600314713282,feature_ablation_xgboost_baseline,42,-1
mean_smoothness,0.005430034665666309,feature_ablation_xgboost_baseline,42,-1
mean_compactness,0.004376191919718028,feature_ablation_xgboost_baseline,42,-1
mean_concavity,0.008194476691009304,feature_ablation_xgboost_baseline,42,-1
mean_concave_points,0.04061209757521598,feature_ablation_xgboost_baseline,42,-1
mean_symmetry,0.0045581846270068525,feature_ablation_xgboost_baseline,42,-1
mean_fractal_dimension,0.005671671642671876,feature_ablation_xgboost_baseline,42,-1
radius_error,0.008525041207498895,feature_ablation_xgboost_baseline,42,-1
texture_error,0.0065259638653272466,feature_ablation_xgboost_baseline,42,-1
perimeter_error,0.004560653411590395,feature_ablation_xgboost_baseline,42,-1
area_error,0.016400311201600546,feature_ablation_xgboost_baseline,42,-1
smoothness_error,0.00563838883340237,feature_ablation_xgboost_baseline,42,-1
compactness_error,0.0056346349364402104,feature_ablation_xgboost_baseline,42,-1
concavity_error,0.005449936948739864,feature_ablation_xgboost_baseline,42,-1
concave_points_error,0.006848304834569743,feature_ablation_xgboost_baseline,42,-1
symmetry_error,0.004277419209152961,feature_ablation_xgboost_baseline,42,-1
fractal_dimension_error,0.005454641134884843,feature_ablation_xgboost_baseline,42,-1
worst_radius,0.03621656010992211,feature_ablation_xgboost_baseline,42,-1
worst_texture,0.019896629540146246,feature_ablation_xgboost_baseline,42,-1
worst_perimeter,0.05378211486054852,feature_ablation_xgboost_baseline,42,-1
worst_area,0.027265994889050748,feature_ablation_xgboost_baseline,42,-1
worst_smoothness,0.01640631224416381,feature_ablation_xgboost_baseline,42,-1
worst_compactness,0.0056891612310385605,feature_ablation_xgboost_baseline,42,-1
worst_concavity,0.02888578257496745,feature_ablation_xgboost_baseline,42,-1
worst_concave_points,0.04694916817241786,feature_ablation_xgboost_baseline,42,-1
worst_symmetry,0.014667218133776578,feature_ablation_xgboost_baseline,42,-1
worst_fractal_dimension,0.00591296722115361,feature_ablation_xgboost_baseline,42,-1
mean_radius,0.005152128665190052,feature_ablation_xgboost_baseline,42,-1
mean_texture,0.017656369705794536,feature_ablation_xgboost_baseline,42,-1
mean_perimeter,0.004652224815764776,feature_ablation_xgboost_baseline,42,-1
mean_area,0.010334600995237007,feature_ablation_xgboost_baseline,42,-1
mean_smoothness,0.010633417935417347,feature_ablation_xgboost_baseline,42,-1
mean_compactness,0.004373679685879715,feature_ablation_xgboost_baseline,42,-1
mean_concavity,0.010427262393560257,feature_ablation_xgboost_baseline,42,-1
mean_concave_points,0.040042013051947795,feature_ablation_xgboost_baseline,42,-1
mean_symmetry,0.003788633095692495,feature_ablation_xgboost_baseline,42,-1
mean_fractal_dimension,0.005585190723596937,feature_ablation_xgboost_baseline,42,-1
radius_error,0.00857731769259193,feature_ablation_xgboost_baseline,42,-1
texture_error,0.00613110663571665,feature_ablation_xgboost_baseline,42,-1
perimeter_error,0.007428413897310586,feature_ablation_xgboost_baseline,42,-1
area_error,0.0496880855598961,feature_ablation_xgboost_baseline,42,-1
smoothness_error,0.005297734268161961,feature_ablation_xgboost_baseline,42,-1
compactness_error,0.004049201452883871,feature_ablation_xgboost_baseline,42,-1
concavity_error,0.005195954527475189,feature_ablation_xgboost_baseline,42,-1
concave_points_error,0.006323319953561713,feature_ablation_xgboost_baseline,42,-1
symmetry_error,0.007677907105594402,feature_ablation_xgboost_baseline,42,-1
fractal_dimension_error,0.004751071956183215,feature_ablation_xgboost_baseline,42,-1
worst_radius,0.019052010900204384,feature_ablation_xgboost_baseline,42,-1
worst_texture,0.037054297329761364,feature_ablation_xgboost_baseline,42,-1
worst_perimeter,0.03026957930386879,feature_ablation_xgboost_baseline,42,-1
worst_area,0.05448283082986652,feature_ablation_xgboost_baseline,42,-1
worst_smoothness,0.016671128802753458,feature_ablation_xgboost_baseline,42,-1
worst_compactness,0.00505175631514826,feature_ablation_xgboost_baseline,42,-1
worst_concavity,0.030533900918113307,feature_ablation_xgboost_baseline,42,-1
worst_concave_points,0.03370300945089803,feature_ablation_xgboost_baseline,42,-1
worst_symmetry,0.008865562914067123,feature_ablation_xgboost_baseline,42,-1
worst_fractal_dimension,0.004157563631614921,feature_ablation_xgboost_baseline,42,-1
mean_radius,0.006753634429585464,feature_ablation_xgboost_baseline,42,-1
mean_texture,0.018062803570510405,feature_ablation_xgboost_baseline,42,-1
mean_perimeter,0.004348857063144192,feature_ablation_xgboost_baseline,42,-1
mean_area,0.00834385062396747,feature_ablation_xgboost_baseline,42,-1
mean_smoothness,0.011990274684808087,feature_ablation_xgboost_baseline,42,-1
mean_compactness,0.005283291859304995,feature_ablation_xgboost_baseline,42,-1
mean_concavity,0.00881302741163786,feature_ablation_xgboost_baseline,42,-1
mean_concave_points,0.03158002494513102,feature_ablation_xgboost_baseline,42,-1
mean_symmetry,0.003990834197527569,feature_ablation_xgboost_baseline,42,-1
mean_fractal_dimension,0.004886290654310994,feature_ablation_xgboost_baseline,42,-1
radius_error,0.007209990237753688,feature_ablation_xgboost_baseline,42,-1
texture_error,0.005309202578919526,feature_ablation_xgboost_baseline,42,-1
perimeter_error,0.006301760441097434,feature_ablation_xgboost_baseline,42,-1
area_error,0.042702698989969506,feature_ablation_xgboost_baseline,42,-1
smoothness_error,0.004392648742731731,feature_ablation_xgboost_baseline,42,-1
compactness_error,0.004345452600038307,feature_ablation_xgboost_baseline,42,-1
concavity_error,0.003895245541359405,feature_ablation_xgboost_baseline,42,-1
concave_points_error,0.00674998711771235,feature_ablation_xgboost_baseline,42,-1
symmetry_error,0.005006353079699989,feature_ablation_xgboost_baseline,42,-1
fractal_dimension_error,0.0048329714741500015,feature_ablation_xgboost_baseline,42,-1
worst_radius,0.028707418358186697,feature_ablation_xgboost_baseline,42,-1
worst_texture,0.030393550258634962,feature_ablation_xgboost_baseline,42,-1
worst_perimeter,0.024949908307785457,feature_ablation_xgboost_baseline,42,-1
worst_area,0.05283367169871701,feature_ablation_xgboost_baseline,42,-1
worst_smoothness,0.020679754934656115,feature_ablation_xgboost_baseline,42,-1
worst_compactness,0.006651318844834272,feature_ablation_xgboost_baseline,42,-1
worst_concavity,0.03503341464147817,feature_ablation_xgboost_baseline,42,-1
worst_concave_points,0.04509000288525567,feature_ablation_xgboost_baseline,42,-1
worst_symmetry,0.007414418857116909,feature_ablation_xgboost_baseline,42,-1
worst_fractal_dimension,0.0060893769122179345,feature_ablation_xgboost_baseline,42,-1
mean_radius,0.00488875545857179,feature_ablation_xgboost_poly2,42,-1
mean_texture,0.01115479203134246,feature_ablation_xgboost_poly2,42,-1
mean_perimeter,0.005567111664040169,feature_ablation_xgboost_poly2,42,-1
mean_area,0.005666241560247539,feature_ablation_xgboost_poly2,42,-1
mean_smoothness,0.007576170038865313,feature_ablation_xgboost_poly2,42,-1
mean_compactness,0.003496525702255836,feature_ablation_xgboost_poly2,42,-1
mean_concavity,0.005304625501515926,feature_ablation_xgboost_poly2,42,-1
mean_concave_points,0.035894229355810686,feature_ablation_xgboost_poly2,42,-1
mean_symmetry,0.004591395858738512,feature_ablation_xgboost_poly2,42,-1
mean_fractal_dimension,0.00424558734242447,feature_ablation_xgboost_poly2,42,-1
radius_error,0.011560383748300467,feature_ablation_xgboost_poly2,42,-1
texture_error,0.0034727430794359707,feature_ablation_xgboost_poly2,42,-1
perimeter_error,0.004385819168038905,feature_ablation_xgboost_poly2,42,-1
area_error,0.04015326109200063,feature_ablation_xgboost_poly2,42,-1
smoothness_error,0.0046223560308887605,feature_ablation_xgboost_poly2,42,-1
compactness_error,0.004628709269548677,feature_ablation_xgboost_poly2,42,-1
concavity_error,0.0034977935145361332,feature_ablation_xgboost_poly2,42,-1
concave_points_error,0.004222197337094195,feature_ablation_xgboost_poly2,42,-1
symmetry_error,0.007226642732083082,feature_ablation_xgboost_poly2,42,-1
fractal_dimension_error,0.004140374647071368,feature_ablation_xgboost_poly2,42,-1
worst_radius,0.01739897957722886,feature_ablation_xgboost_poly2,42,-1
worst_texture,0.03825941831660041,feature_ablation_xgboost_poly2,42,-1
worst_perimeter,0.014085560770288077,feature_ablation_xgboost_poly2,42,-1
worst_area,0.11734373781042733,feature_ablation_xgboost_poly2,42,-1
worst_smoothness,0.015293897499792136,feature_ablation_xgboost_poly2,42,-1
worst_compactness,0.004431640826957288,feature_ablation_xgboost_poly2,42,-1
worst_concavity,0.01540585459664313,feature_ablation_xgboost_poly2,42,-1
worst_concave_points,0.0444221603034664,feature_ablation_xgboost_poly2,42,-1
worst_symmetry,0.00990364908256854,feature_ablation_xgboost_poly2,42,-1
worst_fractal_dimension,0.0037312764232840905,feature_ablation_xgboost_poly2,42,-1
mean_radius,0.003804088228713678,feature_ablation_xgboost_poly2,42,-1
mean_texture,0.006517800777197257,feature_ablation_xgboost_poly2,42,-1
mean_perimeter,0.0041890220871679965,feature_ablation_xgboost_poly2,42,-1
mean_area,0.003869730943399345,feature_ablation_xgboost_poly2,42,-1
mean_smoothness,0.007173199781804021,feature_ablation_xgboost_poly2,42,-1
mean_compactness,0.005263114858691894,feature_ablation_xgboost_poly2,42,-1
mean_concavity,0.004944453275690579,feature_ablation_xgboost_poly2,42,-1
mean_concave_points,0.035630623621929175,feature_ablation_xgboost_poly2,42,-1
mean_symmetry,0.005333661854390896,feature_ablation_xgboost_poly2,42,-1
mean_fractal_dimension,0.004357992474783034,feature_ablation_xgboost_poly2,42,-1
radius_error,0.005899922413435126,feature_ablation_xgboost_poly2,42,-1
texture_error,0.00389661950176957,feature_ablation_xgboost_poly2,42,-1
perimeter_error,0.005013102688903706,feature_ablation_xgboost_poly2,42,-1
area_error,0.04057345642454907,feature_ablation_xgboost_poly2,42,-1
smoothness_error,0.005253882996696599,feature_ablation_xgboost_poly2,42,-1
compactness_error,0.003392519225843883,feature_ablation_xgboost_poly2,42,-1
concavity_error,0.004218160460035687,feature_ablation_xgboost_poly2,42,-1
concave_points_error,0.0034006434375411783,feature_ablation_xgboost_poly2,42,-1
symmetry_error,0.0071521430890564295,feature_ablation_xgboost_poly2,42,-1
fractal_dimension_error,0.0028885692826759245,feature_ablation_xgboost_poly2,42,-1
worst_radius,0.013605984981822831,feature_ablation_xgboost_poly2,42,-1
worst_texture,0.0317588681300897,feature_ablation_xgboost_poly2,42,-1
worst_perimeter,0.020843482281511356,feature_ablation_xgboost_poly2,42,-1
worst_area,0.14781413703045915,feature_ablation_xgboost_poly2,42,-1
worst_smoothness,0.018822784063094396,feature_ablation_xgboost_poly2,42,-1
worst_compactness,0.003524919500322344,feature_ablation_xgboost_poly2,42,-1
worst_concavity,0.016368894618341175,feature_ablation_xgboost_poly2,42,-1
worst_concave_points,0.027175586773934488,feature_ablation_xgboost_poly2,42,-1
worst_symmetry,0.0072377464819963835,feature_ablation_xgboost_poly2,42,-1
worst_fractal_dimension,0.004816956779115909,feature_ablation_xgboost_poly2,42,-1
mean_radius,0.005629939144656875,feature_ablation_xgboost_poly2,42,-1
mean_texture,0.013143896536057584,feature_ablation_xgboost_poly2,42,-1
mean_perimeter,0.004660528582456178,feature_ablation_xgboost_poly2,42,-1
mean_area,0.011043086174490188,feature_ablation_xgboost_poly2,42,-1
mean_smoothness,0.006562372893393753,feature_ablation_xgboost_poly2,42,-1
mean_compactness,0.004982827556639178,feature_ablation_xgboost_poly2,42,-1
mean_concavity,0.012320223224323324,feature_ablation_xgboost_poly2,42,-1
mean_concave_points,0.02643002197334262,feature_ablation_xgboost_poly2,42,-1
mean_symmetry,0.005184009422899376,feature_ablation_xgboost_poly2,42,-1
mean_fractal_dimension,0.00385886456714962,feature_ablation_xgboost_poly2,42,-1
radius_error,0.008696817695255175,feature_ablation_xgboost_poly2,42,-1
texture_error,0.0041516735605633915,feature_ablation_xgboost_poly2,42,-1
perimeter_error,0.0037387677870157187,feature_ablation_xgboost_poly2,42,-1
area_error,0.024800200268089205,feature_ablation_xgboost_poly2,42,-1
smoothness_error,0.004615372494641189,feature_ablation_xgboost_poly2,42,-1
compactness_error,0.004061043568575027,feature_ablation_xgboost_poly2,42,-1
concavity_error,0.0038705427506705798,feature_ablation_xgboost_poly2,42,-1
concave_points_error,0.005496893695545946,feature_ablation_xgboost_poly2,42,-1
symmetry_error,0.004611638954996051,feature_ablation_xgboost_poly2,42,-1
fractal_dimension_error,0.0036567604130968217,feature_ablation_xgboost_poly2,42,-1
worst_radius,0.03072055484213482,feature_ablation_xgboost_poly2,42,-1
worst_texture,0.028477887312426283,feature_ablation_xgboost_poly2,42,-1
worst_perimeter,0.012421461448969629,feature_ablation_xgboost_poly2,42,-1
worst_area,0.12961069976621814,feature_ablation_xgboost_poly2,42,-1
worst_smoothness,0.015456405509137471,feature_ablation_xgboost_poly2,42,-1
worst_compactness,0.0046727521984709355,feature_ablation_xgboost_poly2,42,-1
worst_concavity,0.02146041202739473,feature_ablation_xgboost_poly2,42,-1
worst_concave_points,0.02793818255940904,feature_ablation_xgboost_poly2,42,-1
worst_symmetry,0.014633464425788046,feature_ablation_xgboost_poly2,42,-1
worst_fractal_dimension,0.0040201595555017676,feature_ablation_xgboost_poly2,42,-1
mean_radius,0.005936213866698942,feature_ablation_xgboost_poly2,42,-1
mean_texture,0.01048394913015057,feature_ablation_xgboost_poly2,42,-1
mean_perimeter,0.005472151408481944,feature_ablation_xgboost_poly2,42,-1
mean_area,0.003804728353752378,feature_ablation_xgboost_poly2,42,-1
mean_smoothness,0.00494269381554624,feature_ablation_xgboost_poly2,42,-1
mean_compactness,0.004026198667752576,feature_ablation_xgboost_poly2,42,-1
mean_concavity,0.010158247563130876,feature_ablation_xgboost_poly2,42,-1
mean_concave_points,0.04116598118657442,feature_ablation_xgboost_poly2,42,-1
mean_symmetry,0.005637730983375489,feature_ablation_xgboost_poly2,42,-1
mean_fractal_dimension,0.00403572716275745,feature_ablation_xgboost_poly2,42,-1
radius_error,0.0066483962499320585,feature_ablation_xgboost_poly2,42,-1
texture_error,0.003985591983191851,feature_ablation_xgboost_poly2,42,-1
perimeter_error,0.00498651652991215,feature_ablation_xgboost_poly2,42,-1
area_error,0.03922072310044899,feature_ablation_xgboost_poly2,42,-1
smoothness_error,0.0051841935904129955,feature_ablation_xgboost_poly2,42,-1
compactness_error,0.0031177483443624054,feature_ablation_xgboost_poly2,42,-1
concavity_error,0.003118418819179653,feature_ablation_xgboost_poly2,42,-1
concave_points_error,0.00551777373114608,feature_ablation_xgboost_poly2,42,-1
symmetry_error,0.006537464080719946,feature_ablation_xgboost_poly2,42,-1
fractal_dimension_error,0.003665486984211719,feature_ablation_xgboost_poly2,42,-1
worst_radius,0.03296917189389005,feature_ablation_xgboost_poly2,42,-1
worst_texture,0.030275604389791804,feature_ablation_xgboost_poly2,42,-1
worst_perimeter,0.02131770868274685,feature_ablation_xgboost_poly2,42,-1
worst_area,0.10836098643124366,feature_ablation_xgboost_poly2,42,-1
worst_smoothness,0.017775682903739983,feature_ablation_xgboost_poly2,42,-1
worst_compactness,0.0038420229907899944,feature_ablation_xgboost_poly2,42,-1
worst_concavity,0.029762161615223826,feature_ablation_xgboost_poly2,42,-1
worst_concave_points,0.017693975800097673,feature_ablation_xgboost_poly2,42,-1
worst_symmetry,0.012633912112426187,feature_ablation_xgboost_poly2,42,-1
worst_fractal_dimension,0.004409159104028173,feature_ablation_xgboost_poly2,42,-1
mean_radius,0.0043749777336560694,feature_ablation_xgboost_poly2,42,-1
mean_texture,0.008366199979091013,feature_ablation_xgboost_poly2,42,-1
mean_perimeter,0.0050633896514851225,feature_ablation_xgboost_poly2,42,-1
mean_area,0.005133351750208765,feature_ablation_xgboost_poly2,42,-1
mean_smoothness,0.005374210132743964,feature_ablation_xgboost_poly2,42,-1
mean_compactness,0.0036729859364389265,feature_ablation_xgboost_poly2,42,-1
mean_concavity,0.005379330119083216,feature_ablation_xgboost_poly2,42,-1
mean_concave_points,0.041426374740980876,feature_ablation_xgboost_poly2,42,-1
mean_symmetry,0.005107969326529055,feature_ablation_xgboost_poly2,42,-1
mean_fractal_dimension,0.004239770835435212,feature_ablation_xgboost_poly2,42,-1
radius_error,0.0056377739893107084,feature_ablation_xgboost_poly2,42,-1
texture_error,0.004710831347934734,feature_ablation_xgboost_poly2,42,-1
perimeter_error,0.005662421702050771,feature_ablation_xgboost_poly2,42,-1
area_error,0.037932986308035946,feature_ablation_xgboost_poly2,42,-1
smoothness_error,0.0036904805414782653,feature_ablation_xgboost_poly2,42,-1
compactness_error,0.0034721036943927397,feature_ablation_xgboost_poly2,42,-1
concavity_error,0.004103455763004667,feature_ablation_xgboost_poly2,42,-1
concave_points_error,0.004162022200966014,feature_ablation_xgboost_poly2,42,-1
symmetry_error,0.007465168095501467,feature_ablation_xgboost_poly2,42,-1
fractal_dimension_error,0.00432847341229315,feature_ablation_xgboost_poly2,42,-1
worst_radius,0.017917738600416164,feature_ablation_xgboost_poly2,42,-1
worst_texture,0.030781228878390895,feature_ablation_xgboost_poly2,42,-1
worst_perimeter,0.031153243681692207,feature_ablation_xgboost_poly2,42,-1
worst_area,0.11794099400534598,feature_ablation_xgboost_poly2,42,-1
worst_smoothness,0.028119386878101813,feature_ablation_xgboost_poly2,42,-1
worst_compactness,0.004099588837466601,feature_ablation_xgboost_poly2,42,-1
worst_concavity,0.020756751285315355,feature_ablation_xgboost_poly2,42,-1
worst_concave_points,0.020703198340813862,feature_ablation_xgboost_poly2,42,-1
worst_symmetry,0.008653784230336449,feature_ablation_xgboost_poly2,42,-1
worst_fractal_dimension,0.0033591778564403298,feature_ablation_xgboost_poly2,42,-1
