framework_a,framework_b,metric,diff,t_stat,p_value,boot_ci_low,boot_ci_high
feature_ablation_xgboost_baseline,feature_ablation_xgboost_poly2,fit_time_sec,0.03568606699700466,0.8746450122928778,0.43114053995282553,-0.010104366403538761,0.11814317580137872
feature_ablation_xgboost_baseline,feature_ablation_xgboost_poly2,predict_time_sec,0.00049139200127684,1.8206920092264252,0.14276228480326184,9.062675759199127e-05,0.0009906251943903005
feature_ablation_xgboost_baseline,feature_ablation_xgboost_quantile_bins,fit_time_sec,0.033672000395017665,0.8429929914217325,0.44669035702868876,-0.011826266004936822,0.11455581719928891
feature_ablation_xgboost_baseline,feature_ablation_xgboost_quantile_bins,predict_time_sec,0.0005193750024773212,1.7550164615476578,0.15411076313384284,3.4466807846939874e-05,0.0011126083991257203
feature_ablation_xgboost_baseline,feature_ablation_xgboost_no_scaling,fit_time_sec,0.0012843751959735056,0.022793862839614213,0.9829064530528837,-0.09766283380449757,0.11324779219867191
feature_ablation_xgboost_baseline,feature_ablation_xgboost_no_scaling,predict_time_sec,-0.0005148166033904994,-0.8604136935702561,0.4380768261804017,-0.0015958000003593203,0.0005314747948432603
feature_ablation_xgboost_baseline,automl_suite_autogluon,fit_time_sec,-1.6217534244118725,-9.322259553576897,0.0007369941465726888,-1.9172974912129574,-1.315209774413961
feature_ablation_xgboost_baseline,automl_suite_autogluon,predict_time_sec,-0.01903875799907834,-4.3030353256447835,0.012615293080852952,-0.02662908533646256,-0.011465499401674581
feature_ablation_xgboost_baseline,feature_ablation_lightgbm_no_scaling,fit_time_sec,0.04539781739586033,0.9335799018588262,0.40337156672146585,-0.0239269139856333,0.14412318439572122
feature_ablation_xgboost_baseline,feature_ablation_lightgbm_no_scaling,predict_time_sec,0.005384766802308181,23.91935811586796,1.8117969956265652e-05,0.00499706720001996,0.0057724664045964
feature_ablation_xgboost_baseline,feature_ablation_catboost_vif_filter,fit_time_sec,-0.9916392078041099,-4.699597218518042,0.009311185781084466,-1.367446107408614,-0.6387936578015797
feature_ablation_xgboost_baseline,feature_ablation_catboost_vif_filter,predict_time_sec,0.0033982418040977803,11.427579431131846,0.0003345663987474299,0.00289337540743872,0.003935691603692259
feature_ablation_xgboost_baseline,feature_ablation_lightgbm_poly2,fit_time_sec,0.060029800594202244,1.4726226801128859,0.21483979479747137,0.014273142392630677,0.14181019240058962
feature_ablation_xgboost_baseline,feature_ablation_lightgbm_poly2,predict_time_sec,0.00533674180041998,22.049782584374643,2.5038154667277243e-05,0.004867233394179481,0.005730300003779119
feature_ablation_xgboost_baseline,feature_ablation_catboost_poly2,fit_time_sec,-0.03154838280461267,-0.7547118766725412,0.4924210573610025,-0.07716841600195043,0.05312960919109172
feature_ablation_xgboost_baseline,feature_ablation_catboost_poly2,predict_time_sec,0.0042214419983793005,16.037579594942088,8.839387662419053e-05,0.003785240939905631,0.0046881165937520605
feature_ablation_xgboost_baseline,feature_ablation_lightgbm_quantile_bins,fit_time_sec,0.058269433595705744,1.3961337733355008,0.235173057446747,0.010113908993662277,0.14309598359977832
feature_ablation_xgboost_baseline,feature_ablation_lightgbm_quantile_bins,predict_time_sec,0.0052733163960511,13.181331975302074,0.00019135126824487063,0.004644167200458479,0.00603636579471642
feature_ablation_xgboost_baseline,feature_ablation_lightgbm_baseline,fit_time_sec,0.05275006719457448,1.3467045389289087,0.24931966842885903,0.006849758792668541,0.13226810919295534
feature_ablation_xgboost_baseline,feature_ablation_lightgbm_baseline,predict_time_sec,0.005553533800411981,17.927592929792265,5.6899464593258625e-05,0.005054041567491375,0.00611155879742002
feature_ablation_xgboost_baseline,feature_ablation_catboost_quantile_bins,fit_time_sec,-0.031717299605952584,-0.7543380393357657,0.49262209059228107,-0.07739104960055561,0.053068333791452524
feature_ablation_xgboost_baseline,feature_ablation_catboost_quantile_bins,predict_time_sec,0.004082791597466001,17.5391240931495,6.205344486175525e-05,0.0037208085937891406,0.00451769959472586
feature_ablation_xgboost_baseline,feature_ablation_xgboost_vif_filter,fit_time_sec,-0.8156785664032213,-22.431841955535035,2.3386185848956175e-05,-0.8763711828010855,-0.7489265002048342
feature_ablation_xgboost_baseline,feature_ablation_xgboost_vif_filter,predict_time_sec,-0.0004445499944267803,-0.7205835517379348,0.5110289413860882,-0.0017686077975667797,0.00045967480400576006
feature_ablation_xgboost_baseline,feature_ablation_catboost_baseline,fit_time_sec,-0.044130666405544625,-0.953481618336545,0.3943397302281432,-0.11293894100817851,0.050880275396048134
feature_ablation_xgboost_baseline,feature_ablation_catboost_baseline,predict_time_sec,0.0049470833997475,22.11134758141509,2.4762333870821023e-05,0.004600175400264581,0.005382232996635121
feature_ablation_xgboost_baseline,feature_ablation_lightgbm_vif_filter,fit_time_sec,-1.2155719583999598,-4.916249205305525,0.007950735115490439,-1.6758490332023939,-0.8156059833941981
feature_ablation_xgboost_baseline,feature_ablation_lightgbm_vif_filter,predict_time_sec,0.0031589669990353206,2.323960783796356,0.08078500952279179,0.0007764837995637399,0.0055414501985069
feature_ablation_xgboost_baseline,feature_ablation_catboost_no_scaling,fit_time_sec,-0.03051261600339787,-0.7410589596810954,0.4998032093445495,-0.07611187420261563,0.052201233798405175
feature_ablation_xgboost_baseline,feature_ablation_catboost_no_scaling,predict_time_sec,0.0038114086026326006,11.714194311901489,0.00030373263241735527,0.0032129584025824597,0.004334150202339519
feature_ablation_xgboost_poly2,feature_ablation_xgboost_quantile_bins,fit_time_sec,-0.002014066601986997,-1.8816016481257984,0.1330347718698711,-0.003970616805599998,-0.00020153856727119415
feature_ablation_xgboost_poly2,feature_ablation_xgboost_quantile_bins,predict_time_sec,2.798300120048121e-05,0.2263939910405183,0.8319935141912821,-0.00015932519745548017,0.0002542943257140047
feature_ablation_xgboost_poly2,feature_ablation_xgboost_no_scaling,fit_time_sec,-0.034401691801031156,-1.1502459498782744,0.3141314316883354,-0.09531116700090939,-0.0014975252037402395
feature_ablation_xgboost_poly2,feature_ablation_xgboost_no_scaling,predict_time_sec,-0.0010062086046673394,-1.8901878566364223,0.13172197130650687,-0.00201378400670364,-0.00013292520015966008
feature_ablation_xgboost_poly2,automl_suite_autogluon,fit_time_sec,-1.6574394914088773,-11.0195061593059,0.00038550296495567604,-1.9142131244094345,-1.3931762750115013
feature_ablation_xgboost_poly2,automl_suite_autogluon,predict_time_sec,-0.01953015000035518,-4.355740780529974,0.012102465419658466,-0.027199914848606545,-0.01186514180735682
feature_ablation_xgboost_poly2,feature_ablation_lightgbm_no_scaling,fit_time_sec,0.009711750398855669,0.7411303923031557,0.49976437060121637,-0.016123132998473,0.028554767102250456
feature_ablation_xgboost_poly2,feature_ablation_lightgbm_no_scaling,predict_time_sec,0.004893374801031341,16.522048713992568,7.858923993102333e-05,0.0044185493985423995,0.005473441607318859
feature_ablation_xgboost_poly2,feature_ablation_catboost_vif_filter,fit_time_sec,-1.0273252748011146,-5.510810498139868,0.00529049939788012,-1.3573686496063602,-0.71676015839912
feature_ablation_xgboost_poly2,feature_ablation_catboost_vif_filter,predict_time_sec,0.0029068498028209403,9.109116831470493,0.0008056278006194931,0.0025546460709301813,0.0035468749993015
feature_ablation_xgboost_poly2,feature_ablation_lightgbm_poly2,fit_time_sec,0.024343733597197582,11.526083961531306,0.00032354811453465975,0.019923092398676057,0.027238216594560098
feature_ablation_xgboost_poly2,feature_ablation_lightgbm_poly2,predict_time_sec,0.00484534979914314,16.244753832137683,8.402453121280857e-05,0.0043948746024397994,0.00541693339473568
feature_ablation_xgboost_poly2,feature_ablation_catboost_poly2,fit_time_sec,-0.06723444980161733,-44.453167632571045,1.531357704641075e-06,-0.0699834829953034,-0.06482869941100948
feature_ablation_xgboost_poly2,feature_ablation_catboost_poly2,predict_time_sec,0.0037300499971024605,17.32274455904759,6.51774017447255e-05,0.00345467539736998,0.0041762084001675
feature_ablation_xgboost_poly2,feature_ablation_lightgbm_quantile_bins,fit_time_sec,0.022583366598701086,14.97480054818327,0.00011585234249058177,0.019944999791914574,0.025221733405487577
feature_ablation_xgboost_poly2,feature_ablation_lightgbm_quantile_bins,predict_time_sec,0.00478192439477426,15.585072661722595,9.896668136543422e-05,0.0043181411921977995,0.00539790779876056
feature_ablation_xgboost_poly2,feature_ablation_lightgbm_baseline,fit_time_sec,0.017064000197569817,7.93310811963371,0.0013668412577983575,0.013435266990563821,0.02051624220621302
feature_ablation_xgboost_poly2,feature_ablation_lightgbm_baseline,predict_time_sec,0.005062141799135141,66.38841081569619,3.0840792603531734e-07,0.00494901679921894,0.005196559437681603
feature_ablation_xgboost_poly2,feature_ablation_catboost_quantile_bins,fit_time_sec,-0.06740336660295725,-39.446908659427145,2.4674080662323463e-06,-0.07028634999878701,-0.06452038320712745
feature_ablation_xgboost_poly2,feature_ablation_catboost_quantile_bins,predict_time_sec,0.003591399596189161,25.28773688140003,1.4521024452466868e-05,0.0033974911988479996,0.0038826329982839594
feature_ablation_xgboost_poly2,feature_ablation_xgboost_vif_filter,fit_time_sec,-0.8513646334002261,-34.856070514603,4.042576369028623e-06,-0.8872881749994121,-0.8062433836050331
feature_ablation_xgboost_poly2,feature_ablation_xgboost_vif_filter,predict_time_sec,-0.0009359419957036203,-1.481400501455215,0.21262234474714642,-0.0021788750018458597,-1.830039254856041e-05
feature_ablation_xgboost_poly2,feature_ablation_catboost_baseline,fit_time_sec,-0.07981673340254929,-7.076307087415877,0.0021047877883927737,-0.10231903320818672,-0.06680550839810166
feature_ablation_xgboost_poly2,feature_ablation_catboost_baseline,predict_time_sec,0.0044556913984706605,35.3077082785652,3.8402031915331305e-06,0.00428046620218082,0.00470689159701578
feature_ablation_xgboost_poly2,feature_ablation_lightgbm_vif_filter,fit_time_sec,-1.2512580253969645,-5.400813457507063,0.005689124426527797,-1.6723115127503843,-0.8605294001899892
feature_ablation_xgboost_poly2,feature_ablation_lightgbm_vif_filter,predict_time_sec,0.0026675749977584807,2.3600684538765098,0.077657118903273,0.0006748419982613999,0.00466030799725556
feature_ablation_xgboost_poly2,feature_ablation_catboost_no_scaling,fit_time_sec,-0.06619868300040253,-44.73335256404324,1.4934131496293172e-06,-0.06868779140349941,-0.06366969902315762
feature_ablation_xgboost_poly2,feature_ablation_catboost_no_scaling,predict_time_sec,0.0033200166013557606,15.370060373317273,0.00010454216671315122,0.00292386659712066,0.00368304139992688
feature_ablation_xgboost_quantile_bins,feature_ablation_xgboost_no_scaling,fit_time_sec,-0.03238762519904416,-1.0708284528403396,0.344558535860307,-0.0944703921966721,0.0020587501989211775
feature_ablation_xgboost_quantile_bins,feature_ablation_xgboost_no_scaling,predict_time_sec,-0.0010341916058678206,-2.145162340415904,0.09851502894471516,-0.0019565988676913107,-0.0002572315616999509
feature_ablation_xgboost_quantile_bins,automl_suite_autogluon,fit_time_sec,-1.6554254248068903,-10.97110428151303,0.0003921665128721003,-1.9133310998033266,-1.390296899812529
feature_ablation_xgboost_quantile_bins,automl_suite_autogluon,predict_time_sec,-0.01955813300155566,-4.26122800079341,0.0130408445071966,-0.02738518313119129,-0.01174021660699504
feature_ablation_xgboost_quantile_bins,feature_ablation_lightgbm_no_scaling,fit_time_sec,0.011725817000842666,0.8759198097947608,0.43052360386198263,-0.013801083195721698,0.0322941476206324
feature_ablation_xgboost_quantile_bins,feature_ablation_lightgbm_no_scaling,predict_time_sec,0.00486539179983086,19.55260716095172,4.034567512326249e-05,0.004432374599855441,0.0052984089998062795
feature_ablation_xgboost_quantile_bins,feature_ablation_catboost_vif_filter,fit_time_sec,-1.0253112081991276,-5.493533979932933,0.005350791823362962,-1.355317507800646,-0.7138807832001476
feature_ablation_xgboost_quantile_bins,feature_ablation_catboost_vif_filter,predict_time_sec,0.002878866801620459,13.066999506239785,0.00019800608123464428,0.0025518000009469603,0.00332790880056564
feature_ablation_xgboost_quantile_bins,feature_ablation_lightgbm_poly2,fit_time_sec,0.02635780019918458,9.404767189040811,0.0007123841352197567,0.0206246083951555,0.029850606375839604
feature_ablation_xgboost_quantile_bins,feature_ablation_lightgbm_poly2,predict_time_sec,0.004817366797942659,20.445163688189506,3.3798231503077536e-05,0.00441103300254328,0.00521085879881866
feature_ablation_xgboost_quantile_bins,feature_ablation_catboost_poly2,fit_time_sec,-0.06522038319963033,-27.104727998393734,1.1016415650615457e-05,-0.06919512519671123,-0.060946433001663566
feature_ablation_xgboost_quantile_bins,feature_ablation_catboost_poly2,predict_time_sec,0.0037020669959019793,30.598870503656872,6.795848299435281e-06,0.0035075251915259397,0.00391205060295756
feature_ablation_xgboost_quantile_bins,feature_ablation_lightgbm_quantile_bins,fit_time_sec,0.024597433200688083,12.214794647795706,0.00025789697743142695,0.021330299600958783,0.02832345840288326
feature_ablation_xgboost_quantile_bins,feature_ablation_lightgbm_quantile_bins,predict_time_sec,0.004753941393573779,25.185216776346735,1.4757664218661014e-05,0.004454349589650561,0.005123558198101821
feature_ablation_xgboost_quantile_bins,feature_ablation_lightgbm_baseline,fit_time_sec,0.019078066799556814,16.2154078818201,8.462680588039201e-05,0.01707918339816386,0.02090420019812882
feature_ablation_xgboost_quantile_bins,feature_ablation_lightgbm_baseline,predict_time_sec,0.00503415879793466,30.821837926342152,6.602000096902477e-06,0.00470897540217264,0.00529297519824474
feature_ablation_xgboost_quantile_bins,feature_ablation_catboost_quantile_bins,fit_time_sec,-0.06538930000097025,-26.199166990832943,1.2612318811870677e-05,-0.06922009159752632,-0.06075525000342167
feature_ablation_xgboost_quantile_bins,feature_ablation_catboost_quantile_bins,predict_time_sec,0.0035634165949886797,44.76732726099946,1.488892311525243e-06,0.00340509119560014,0.00368420854276333
feature_ablation_xgboost_quantile_bins,feature_ablation_xgboost_vif_filter,fit_time_sec,-0.8493505667982391,-35.45665759500183,3.7762484663829726e-06,-0.8843263001966989,-0.8040858835971448
feature_ablation_xgboost_quantile_bins,feature_ablation_xgboost_vif_filter,predict_time_sec,-0.0009639249969041015,-1.6377690386004566,0.1768118923141356,-0.0020802628495584633,-0.00016401458029581867
feature_ablation_xgboost_quantile_bins,feature_ablation_catboost_baseline,fit_time_sec,-0.07780266680056229,-6.904164804222065,0.002308252243490108,-0.10050393320270809,-0.06398195000074339
feature_ablation_xgboost_quantile_bins,feature_ablation_catboost_baseline,predict_time_sec,0.004427708397270179,55.030384468137335,6.528081996189195e-07,0.0042696245975094,0.004553142396907783
feature_ablation_xgboost_quantile_bins,feature_ablation_lightgbm_vif_filter,fit_time_sec,-1.2492439587949775,-5.398430137655033,0.0056981607358719735,-1.6702567963448383,-0.8594177173887149
feature_ablation_xgboost_quantile_bins,feature_ablation_lightgbm_vif_filter,predict_time_sec,0.0026395919965579995,2.2709780119440057,0.0856350888421631,0.0006050507945474001,0.0046741331985686
feature_ablation_xgboost_quantile_bins,feature_ablation_catboost_no_scaling,fit_time_sec,-0.06418461639841554,-37.02849576012082,3.1761300211068976e-06,-0.06707962439977563,-0.061289608397055426
feature_ablation_xgboost_quantile_bins,feature_ablation_catboost_no_scaling,predict_time_sec,0.0032920336001552794,10.142347833577022,0.0005320626227687638,0.00267107559775468,0.003826245398595361
feature_ablation_xgboost_no_scaling,automl_suite_autogluon,fit_time_sec,-1.623037799607846,-11.810249763204514,0.00029419644833802555,-1.8562998492066982,-1.378730408209958
feature_ablation_xgboost_no_scaling,automl_suite_autogluon,predict_time_sec,-0.01852394139568784,-3.7653838486676965,0.019682916702095203,-0.02706223299319388,-0.009985649798181801
feature_ablation_xgboost_no_scaling,feature_ablation_lightgbm_no_scaling,fit_time_sec,0.044113442199886825,1.2475731512579005,0.2802388718869812,-0.011629749598796419,0.11609330099599906
feature_ablation_xgboost_no_scaling,feature_ablation_lightgbm_no_scaling,predict_time_sec,0.005899583405698679,14.898503792174777,0.00011820831925053412,0.0051759332069196,0.006602758399094461
feature_ablation_xgboost_no_scaling,feature_ablation_catboost_vif_filter,fit_time_sec,-0.9929235830000833,-5.7490821268663375,0.004538051813925745,-1.3240925492049427,-0.7133596333966125
feature_ablation_xgboost_no_scaling,feature_ablation_catboost_vif_filter,predict_time_sec,0.00391305840748828,8.086442381457417,0.0012708444693969303,0.00308939180686136,0.004821516737720231
feature_ablation_xgboost_no_scaling,feature_ablation_lightgbm_poly2,fit_time_sec,0.05874542539822874,1.9340858156999987,0.12522566932025453,0.026289983603055643,0.11997058419510728
feature_ablation_xgboost_no_scaling,feature_ablation_lightgbm_poly2,predict_time_sec,0.00585155840381048,9.813405230314066,0.0006044918261993749,0.00486207460635338,0.0070293758006301
feature_ablation_xgboost_no_scaling,feature_ablation_catboost_poly2,fit_time_sec,-0.032832758000586174,-1.1456147766932567,0.3158358804171045,-0.06374431640724651,0.02518385900184512
feature_ablation_xgboost_no_scaling,feature_ablation_catboost_poly2,predict_time_sec,0.0047362586017698,10.467467394846311,0.0004707730538383001,0.00395150019612628,0.00558112933940721
feature_ablation_xgboost_no_scaling,feature_ablation_lightgbm_quantile_bins,fit_time_sec,0.05698505839973224,1.9531560612069678,0.12251263701280074,0.024242966799647558,0.11591716699476821
feature_ablation_xgboost_no_scaling,feature_ablation_lightgbm_quantile_bins,predict_time_sec,0.0057881329994416,14.710655594406408,0.00012426850080496767,0.00513805800001136,0.006531632994301639
feature_ablation_xgboost_no_scaling,feature_ablation_lightgbm_baseline,fit_time_sec,0.051465691998600974,1.7022108044687665,0.16392971374858917,0.015670308592962125,0.1136837338010082
feature_ablation_xgboost_no_scaling,feature_ablation_lightgbm_baseline,predict_time_sec,0.00606835040380248,10.753974532237107,0.0004238825838937966,0.0051302004023454995,0.0070985424012178595
feature_ablation_xgboost_no_scaling,feature_ablation_catboost_quantile_bins,fit_time_sec,-0.03300167480192609,-1.1438500323348524,0.3164876175782463,-0.06472933340410233,0.025864875598927105
feature_ablation_xgboost_no_scaling,feature_ablation_catboost_quantile_bins,predict_time_sec,0.0045976082008565,9.43353268911193,0.000704044449232788,0.00377719159878324,0.005545261371444274
feature_ablation_xgboost_no_scaling,feature_ablation_xgboost_vif_filter,fit_time_sec,-0.8169629415991948,-15.302884600018935,0.00010636395323158276,-0.8835721999988891,-0.7110658577992581
feature_ablation_xgboost_no_scaling,feature_ablation_xgboost_vif_filter,predict_time_sec,7.026660896371911e-05,0.12607539621416491,0.9057552720784716,-0.0008170635373243949,0.0010954000084893597
feature_ablation_xgboost_no_scaling,feature_ablation_catboost_baseline,fit_time_sec,-0.04541504160151813,-1.3415313028928253,0.2508477950634173,-0.09703184140380465,0.02254750019637872
feature_ablation_xgboost_no_scaling,feature_ablation_catboost_baseline,predict_time_sec,0.005461900003137999,11.12469679749975,0.00037149989497152036,0.0046463750040857,0.006407685176745893
feature_ablation_xgboost_no_scaling,feature_ablation_lightgbm_vif_filter,fit_time_sec,-1.2168563335959333,-4.927815579318923,0.00788515505977515,-1.655899880121724,-0.7940009501908207
feature_ablation_xgboost_no_scaling,feature_ablation_lightgbm_vif_filter,predict_time_sec,0.00367378360242582,2.456753292153144,0.06993517655844042,0.0011130504048196999,0.0061694584030192
feature_ablation_xgboost_no_scaling,feature_ablation_catboost_no_scaling,fit_time_sec,-0.03179699119937138,-1.0910478909876755,0.33656776904151314,-0.06521061659732366,0.027579509196220924
feature_ablation_xgboost_no_scaling,feature_ablation_catboost_no_scaling,predict_time_sec,0.0043262252060231,6.165015083354919,0.0035142580743141674,0.0030991836014436797,0.005553266810602519
automl_suite_autogluon,feature_ablation_lightgbm_no_scaling,fit_time_sec,1.6671512418077328,11.738960174306047,0.0003012375833499652,1.4181080170092173,1.9212132000073325
automl_suite_autogluon,feature_ablation_lightgbm_no_scaling,predict_time_sec,0.02442352480138652,5.264414200714372,0.0062357573814288796,0.01646256660169454,0.032400002371286984
automl_suite_autogluon,feature_ablation_catboost_vif_filter,fit_time_sec,0.6301142166077627,6.744482334595098,0.002519093051799609,0.482520500200917,0.8163072830182502
automl_suite_autogluon,feature_ablation_catboost_vif_filter,predict_time_sec,0.022436999803176122,4.786099932122857,0.008736443228716534,0.01448163300810846,0.030547956544760328
automl_suite_autogluon,feature_ablation_lightgbm_poly2,fit_time_sec,1.6817832250060747,11.202855030330182,0.00036150320897280304,1.4174718084104825,1.9386194832040928
automl_suite_autogluon,feature_ablation_lightgbm_poly2,predict_time_sec,0.02437549979949832,5.317417463249162,0.0060160268915506725,0.016613891400629622,0.03233913158845094
automl_suite_autogluon,feature_ablation_catboost_poly2,fit_time_sec,1.59020504160726,10.619052815757264,0.00044520396096355165,1.3273549334029666,1.844229641414131
automl_suite_autogluon,feature_ablation_catboost_poly2,predict_time_sec,0.02326019999745764,5.022518879171195,0.007372249809038973,0.01537556680268604,0.031183590994914936
automl_suite_autogluon,feature_ablation_lightgbm_quantile_bins,fit_time_sec,1.6800228580075782,11.254909704354697,0.00035503043474778605,1.4180717664130498,1.9346613994042854
automl_suite_autogluon,feature_ablation_lightgbm_quantile_bins,predict_time_sec,0.02431207439512944,5.097890741216578,0.006992872894124876,0.0161945661966456,0.0324427954987186
automl_suite_autogluon,feature_ablation_lightgbm_baseline,fit_time_sec,1.674503491606447,11.10567080869624,0.0003739852114271887,1.4095289170072647,1.9324279662105255
automl_suite_autogluon,feature_ablation_lightgbm_baseline,predict_time_sec,0.02459229179949032,5.520023287941821,0.005258688057859572,0.016992150203441258,0.032197191920713485
automl_suite_autogluon,feature_ablation_catboost_quantile_bins,fit_time_sec,1.59003612480592,10.588263643464877,0.0004502549995348213,1.32666110820428,1.844711241411278
automl_suite_autogluon,feature_ablation_catboost_quantile_bins,predict_time_sec,0.02312154959654434,5.066254987699701,0.007149138695284923,0.01534551619843114,0.030910528399835997
automl_suite_autogluon,feature_ablation_xgboost_vif_filter,fit_time_sec,0.8060748580086512,5.014283410847811,0.007415205977617499,0.5215045664081118,1.1076783746102592
automl_suite_autogluon,feature_ablation_xgboost_vif_filter,predict_time_sec,0.018594208004651558,3.806756736433159,0.018992990955551348,0.0101590664067771,0.027030913542621385
automl_suite_autogluon,feature_ablation_catboost_baseline,fit_time_sec,1.577622758006328,10.933956967274039,0.00039737796454255805,1.3253978332097176,1.8328853826067644
automl_suite_autogluon,feature_ablation_catboost_baseline,predict_time_sec,0.02398584139882584,5.271349224121468,0.006206456492644554,0.01622700800071468,0.031756770206993634
automl_suite_autogluon,feature_ablation_lightgbm_vif_filter,fit_time_sec,0.40618146601191274,1.4584950410272597,0.2184578456506993,-0.09511465859250157,0.8864261992188404
automl_suite_autogluon,feature_ablation_lightgbm_vif_filter,predict_time_sec,0.02219772499811366,5.027470350161124,0.007346568923409659,0.014855949796037679,0.030147625398240042
automl_suite_autogluon,feature_ablation_catboost_no_scaling,fit_time_sec,1.5912408084084746,10.561950073015812,0.0004546283517273368,1.3270100418129005,1.8470466584054521
automl_suite_autogluon,feature_ablation_catboost_no_scaling,predict_time_sec,0.02285016660171094,5.338165293923103,0.005932597657303744,0.01553891660878432,0.030166080329727268
feature_ablation_lightgbm_no_scaling,feature_ablation_catboost_vif_filter,fit_time_sec,-1.03703702519997,-5.825987322314945,0.004323618460893374,-1.3435224080079933,-0.741691900396836
feature_ablation_lightgbm_no_scaling,feature_ablation_catboost_vif_filter,predict_time_sec,-0.0019865249982104,-11.04387610734237,0.0003822012043007895,-0.00233870818919972,-0.0017486665950855198
feature_ablation_lightgbm_no_scaling,feature_ablation_lightgbm_poly2,fit_time_sec,0.014631983198341914,1.109270401269718,0.3295101895062515,-0.0025931085954653,0.0410547583946027
feature_ablation_lightgbm_no_scaling,feature_ablation_lightgbm_poly2,predict_time_sec,-4.802500188820025e-05,-0.19423007977372267,0.8554611208213576,-0.0004435963095602879,0.00046939199964982005
feature_ablation_lightgbm_no_scaling,feature_ablation_catboost_poly2,fit_time_sec,-0.07694620020047299,-5.738522171246344,0.0045685045880757245,-0.09498150916231683,-0.04937671659863559
feature_ablation_lightgbm_no_scaling,feature_ablation_catboost_poly2,predict_time_sec,-0.00116332480392888,-7.1343966051397905,0.002041162913249529,-0.0014835627895082104,-0.0009195664082653999
feature_ablation_lightgbm_no_scaling,feature_ablation_lightgbm_quantile_bins,fit_time_sec,0.012871616199845417,1.0519499518273239,0.3521726567542449,-0.0045328089996474,0.03753869999782178
feature_ablation_lightgbm_no_scaling,feature_ablation_lightgbm_quantile_bins,predict_time_sec,-0.00011145040625707998,-0.4564455725977707,0.671755056549218,-0.0005643546443753319,0.00031474119168704
feature_ablation_lightgbm_no_scaling,feature_ablation_lightgbm_baseline,fit_time_sec,0.007352249798714149,0.545876054426772,0.6141676123278745,-0.01359220000449568,0.032000249793054505
feature_ablation_lightgbm_no_scaling,feature_ablation_lightgbm_baseline,predict_time_sec,0.00016876699810380023,0.4897601815647147,0.6499495654139453,-0.0004861334047746399,0.0007099174021277799
feature_ablation_lightgbm_no_scaling,feature_ablation_catboost_quantile_bins,fit_time_sec,-0.07711511700181292,-5.700020053799614,0.0046816800288594015,-0.09572117963813069,-0.0496700168034295
feature_ablation_lightgbm_no_scaling,feature_ablation_catboost_quantile_bins,predict_time_sec,-0.0013019752048421796,-6.620172137009967,0.0026998473883948523,-0.00163662500563082,-0.0009673254040535401
feature_ablation_lightgbm_no_scaling,feature_ablation_xgboost_vif_filter,fit_time_sec,-0.8610763837990817,-35.525790624493844,3.7470169299182796e-06,-0.9038474758010124,-0.8138212755991845
feature_ablation_lightgbm_no_scaling,feature_ablation_xgboost_vif_filter,predict_time_sec,-0.00582931679673496,-11.363101580795734,0.0003420319421050929,-0.006862315352700552,-0.005224260754039299
feature_ablation_lightgbm_no_scaling,feature_ablation_catboost_baseline,fit_time_sec,-0.08952848380140496,-18.017520543246953,5.5783357991223225e-05,-0.09731155059998854,-0.0798033502040198
feature_ablation_lightgbm_no_scaling,feature_ablation_catboost_baseline,predict_time_sec,-0.00043768340256068045,-2.1918287427277563,0.09350102887212444,-0.0007786082016537399,-9.675860346761998e-05
feature_ablation_lightgbm_no_scaling,feature_ablation_lightgbm_vif_filter,fit_time_sec,-1.26096977579582,-5.630865309607968,0.0048937166277318745,-1.6585525221917488,-0.878579150987207
feature_ablation_lightgbm_no_scaling,feature_ablation_lightgbm_vif_filter,predict_time_sec,-0.0022257998032728598,-1.5800552649337931,0.18924524295876968,-0.004693358205258879,0.00024175859871316003
feature_ablation_lightgbm_no_scaling,feature_ablation_catboost_no_scaling,fit_time_sec,-0.07591043339925821,-5.526525470729171,0.005236377171209115,-0.09599059219763148,-0.04818284180073538
feature_ablation_lightgbm_no_scaling,feature_ablation_catboost_no_scaling,predict_time_sec,-0.0015733581996755799,-3.5030716508058766,0.024827023095348216,-0.00240513320604806,-0.0008773831941653199
feature_ablation_catboost_vif_filter,feature_ablation_lightgbm_poly2,fit_time_sec,1.051669008398312,5.618182228127235,0.004933871485502062,0.7410556917981012,1.3841684664017522
feature_ablation_catboost_vif_filter,feature_ablation_lightgbm_poly2,predict_time_sec,0.0019384999963221999,12.622413159251751,0.00022679033274366014,0.0017183250049128997,0.0022383583913324597
feature_ablation_catboost_vif_filter,feature_ablation_catboost_poly2,fit_time_sec,0.9600908249994972,5.166564848327679,0.006667751730879754,0.6509388167905854,1.2902378414059057
feature_ablation_catboost_vif_filter,feature_ablation_catboost_poly2,predict_time_sec,0.0008232001942815202,7.13454218287644,0.0020410064679860142,0.0006105909687175847,0.0009827331794804032
feature_ablation_catboost_vif_filter,feature_ablation_lightgbm_quantile_bins,fit_time_sec,1.0499086413998155,5.676790486768891,0.0047516256892186325,0.7416556498006684,1.3771366161992773
feature_ablation_catboost_vif_filter,feature_ablation_lightgbm_quantile_bins,predict_time_sec,0.0018750745919533201,11.474107992895817,0.000329304705348045,0.0016988661955110802,0.00220578279404438
feature_ablation_catboost_vif_filter,feature_ablation_lightgbm_baseline,fit_time_sec,1.0443892749986843,5.604148146036038,0.004978775017226117,0.7331128003948834,1.3738617410010192
feature_ablation_catboost_vif_filter,feature_ablation_lightgbm_baseline,predict_time_sec,0.0021552919963142006,5.989254005027327,0.0039081264413187355,0.0014349242276512093,0.00257686719996856
feature_ablation_catboost_vif_filter,feature_ablation_catboost_quantile_bins,fit_time_sec,0.9599219081981573,5.163164312569619,0.006683410877561347,0.6502449915918989,1.2895783162064618
feature_ablation_catboost_vif_filter,feature_ablation_catboost_quantile_bins,predict_time_sec,0.0006845497933682205,3.7252562348096885,0.02038091833502633,0.0003209389580297508,0.0008982663915958397
feature_ablation_catboost_vif_filter,feature_ablation_xgboost_vif_filter,fit_time_sec,0.17596064140088852,0.8880879311345249,0.42467118339613424,-0.1549115502042696,0.5075194498058408
feature_ablation_catboost_vif_filter,feature_ablation_xgboost_vif_filter,predict_time_sec,-0.0038427917985245606,-7.011508131058171,0.002178674985767145,-0.004912950020589064,-0.0030959165975218603
feature_ablation_catboost_vif_filter,feature_ablation_catboost_baseline,fit_time_sec,0.9475085413985652,5.316304871789779,0.006020541112244327,0.6489817165973364,1.2540134079987184
feature_ablation_catboost_vif_filter,feature_ablation_catboost_baseline,predict_time_sec,0.0015488415956497197,7.7980575494670985,0.0014589224944696808,0.0011476332001621001,0.0017763165931682999
feature_ablation_catboost_vif_filter,feature_ablation_lightgbm_vif_filter,fit_time_sec,-0.22393275059584994,-0.9261212766003009,0.4068011985947194,-0.6092141336004715,0.2544192158122314
feature_ablation_catboost_vif_filter,feature_ablation_lightgbm_vif_filter,predict_time_sec,-0.00023927480506245966,-0.1780369837889566,0.8673467478732322,-0.00256101660488636,0.00208152519771826
feature_ablation_catboost_vif_filter,feature_ablation_catboost_no_scaling,fit_time_sec,0.961126591800712,5.165247158683235,0.00667381424839444,0.6505939252005192,1.290573566404055
feature_ablation_catboost_vif_filter,feature_ablation_catboost_no_scaling,predict_time_sec,0.00041316679853482027,0.8490848091363055,0.44366292831377563,-0.0005403834016760599,0.0010595167957944997
feature_ablation_lightgbm_poly2,feature_ablation_catboost_poly2,fit_time_sec,-0.0915781833988149,-35.31893658653674,3.835335134494533e-06,-0.09581604874190822,-0.08690494218899406
feature_ablation_lightgbm_poly2,feature_ablation_catboost_poly2,predict_time_sec,-0.0011152998020406797,-5.8819495728379065,0.004175356700519983,-0.001474874456107526,-0.0008081615452828875
feature_ablation_lightgbm_poly2,feature_ablation_lightgbm_quantile_bins,fit_time_sec,-0.0017603669984964966,-0.5579492888102587,0.6066305968372844,-0.00686924200272192,0.00470770800893658
feature_ablation_lightgbm_poly2,feature_ablation_lightgbm_quantile_bins,predict_time_sec,-6.342540436887973e-05,-0.23633112697706551,0.8247843094563105,-0.0005190758063690599,0.0004445165948709801
feature_ablation_lightgbm_poly2,feature_ablation_lightgbm_baseline,fit_time_sec,-0.007279733399627765,-1.9973357572810162,0.11647034437260868,-0.01209293300926222,0.00013539980864150022
feature_ablation_lightgbm_poly2,feature_ablation_lightgbm_baseline,predict_time_sec,0.00021679199999200048,0.62250614644815,0.5673390058142107,-0.0004380752012366401,0.0007705590018304599
feature_ablation_lightgbm_poly2,feature_ablation_catboost_quantile_bins,fit_time_sec,-0.09174710020015484,-29.533577870910626,7.826631022498801e-06,-0.09723625839396846,-0.08625794200634118
feature_ablation_lightgbm_poly2,feature_ablation_catboost_quantile_bins,predict_time_sec,-0.0012539502029539793,-6.142492608372388,0.003561913226468035,-0.00161114199727308,-0.0009148918092250203
feature_ablation_lightgbm_poly2,feature_ablation_xgboost_vif_filter,fit_time_sec,-0.8757083669974236,-36.53765911303122,3.3498296240943315e-06,-0.9107357587985463,-0.8309411085938336
feature_ablation_lightgbm_poly2,feature_ablation_xgboost_vif_filter,predict_time_sec,-0.0057812917948467605,-10.692698899713339,0.00043340483862048363,-0.00684937460173384,-0.005007810492024873
feature_ablation_lightgbm_poly2,feature_ablation_catboost_baseline,fit_time_sec,-0.10416046699974688,-8.596455683763338,0.0010061808023402472,-0.12840927500510588,-0.08720142559322992
feature_ablation_lightgbm_poly2,feature_ablation_catboost_baseline,predict_time_sec,-0.0003896584006724802,-1.859363056010843,0.136501074625616,-0.00075050019659102,-4.7465145689756294e-05
feature_ablation_lightgbm_poly2,feature_ablation_lightgbm_vif_filter,fit_time_sec,-1.275601758994162,-5.475564997091427,0.00541439534910316,-1.6991427670307893,-0.8824652507872088
feature_ablation_lightgbm_poly2,feature_ablation_lightgbm_vif_filter,predict_time_sec,-0.0021777748013846595,-1.6797485926430478,0.16830452427625814,-0.00448049179976804,3.820019774136004e-05
feature_ablation_lightgbm_poly2,feature_ablation_catboost_no_scaling,fit_time_sec,-0.09054241659760012,-26.384046191397633,1.226416148897451e-05,-0.09592600799805953,-0.08406964527966922
feature_ablation_lightgbm_poly2,feature_ablation_catboost_no_scaling,predict_time_sec,-0.0015253331977873796,-3.45389933011031,0.025961862760344817,-0.00240146680735048,-0.0008712413924513201
boosting_suite_xgboost_baseline,boosting_suite_lightgbm_baseline,fit_time_sec,0.046188762602105284,2.4146482642136826,0.03895098774289212,0.025153985641445657,0.08474044189282723
boosting_suite_xgboost_baseline,boosting_suite_lightgbm_baseline,predict_time_sec,0.005431562397279769,30.05979228653669,2.4399863456123575e-10,0.005102312637973223,0.005758431010326577
boosting_suite_xgboost_baseline,boosting_suite_catboost_baseline,fit_time_sec,-0.0520561582001392,-2.4872908863157766,0.03457535403934292,-0.0858159824854374,-0.007906185457431977
boosting_suite_xgboost_baseline,boosting_suite_catboost_baseline,predict_time_sec,0.004873329098336399,46.74086551960034,4.702143519451883e-12,0.004685897615745498,0.005087152781088645
boosting_suite_lightgbm_baseline,boosting_suite_catboost_baseline,fit_time_sec,-0.09824492080224448,-14.915459837988115,1.1848486664297518e-07,-0.11183779097649676,-0.09028883779181342
boosting_suite_lightgbm_baseline,boosting_suite_catboost_baseline,predict_time_sec,-0.0005582332989433703,-3.2959751645427473,0.009289356484916324,-0.0008691885590815155,-0.0002376647923665482
feature_ablation_catboost_poly2,feature_ablation_lightgbm_quantile_bins,fit_time_sec,0.08981781640031841,55.64819082888367,6.243278014822469e-07,0.08677525819803122,0.09220474979665597
feature_ablation_catboost_poly2,feature_ablation_lightgbm_quantile_bins,predict_time_sec,0.0010518743976718,6.988538834387673,0.002205631731249018,0.0007971995975822402,0.0013482492009643599
feature_ablation_catboost_poly2,feature_ablation_lightgbm_baseline,fit_time_sec,0.08429844999918715,25.384908660540443,1.4301088163192452e-05,0.07838669999619016,0.0897386752010789
feature_ablation_catboost_poly2,feature_ablation_lightgbm_baseline,predict_time_sec,0.0013320918020326802,5.301602443129042,0.006080585169361169,0.000825358601287,0.00163720860145988
feature_ablation_catboost_poly2,feature_ablation_catboost_quantile_bins,fit_time_sec,-0.00016891680133991616,-0.21393501061529574,0.8410604931462395,-0.0017831501929321842,0.0009393745672423958
feature_ablation_catboost_poly2,feature_ablation_catboost_quantile_bins,predict_time_sec,-0.00013865040091329967,-1.770721049522602,0.15131229361523543,-0.00030010020127518015,-3.0050604254899977e-05
feature_ablation_catboost_poly2,feature_ablation_xgboost_vif_filter,fit_time_sec,-0.7841301835986086,-30.327618614593344,7.041362194658248e-06,-0.8222641837986885,-0.7365512668038718
feature_ablation_catboost_poly2,feature_ablation_xgboost_vif_filter,predict_time_sec,-0.004665991992806081,-8.099655722220902,0.0012629685169571578,-0.00583059180062262,-0.00397124218579848
feature_ablation_catboost_poly2,feature_ablation_catboost_baseline,fit_time_sec,-0.012582283600931957,-1.074339090842666,0.3431589890230991,-0.03606680047800177,0.0005189493938815348
feature_ablation_catboost_poly2,feature_ablation_catboost_baseline,predict_time_sec,0.0007256414013681995,7.660861368922424,0.00156045247220442,0.0005308334017172602,0.0008581162022892601
feature_ablation_catboost_poly2,feature_ablation_lightgbm_vif_filter,fit_time_sec,-1.1840235755953472,-5.097776959118924,0.0069934274172757955,-1.605184202034652,-0.7917782005941263
feature_ablation_catboost_poly2,feature_ablation_lightgbm_vif_filter,predict_time_sec,-0.0010624749993439798,-0.835138031072603,0.4506184329505787,-0.00328965820081064,0.00116470820212268
feature_ablation_catboost_poly2,feature_ablation_catboost_no_scaling,fit_time_sec,0.0010357668012147964,0.6813024188569943,0.5330811812336539,-0.0014663001900771383,0.003860067964778882
feature_ablation_catboost_poly2,feature_ablation_catboost_no_scaling,predict_time_sec,-0.0004100333957466999,-1.0520803868279098,0.3521195381216498,-0.0011762416019337,0.00016334980609828
feature_ablation_lightgbm_quantile_bins,feature_ablation_lightgbm_baseline,fit_time_sec,-0.005519366401131268,-2.095332586067092,0.10420101264803776,-0.010827874406822957,-0.0022227081964956595
feature_ablation_lightgbm_quantile_bins,feature_ablation_lightgbm_baseline,predict_time_sec,0.0002802174043608802,0.8132191932757058,0.46172509511490384,-0.00037415759579746005,0.000797921721823513
feature_ablation_lightgbm_quantile_bins,feature_ablation_catboost_quantile_bins,fit_time_sec,-0.08998673320165833,-52.00884832754482,8.180364941633375e-07,-0.09257611272412755,-0.08665214180946348
feature_ablation_lightgbm_quantile_bins,feature_ablation_catboost_quantile_bins,predict_time_sec,-0.0011905247985850996,-5.733104789170302,0.004584224431861476,-0.0015481411974178601,-0.0008426609718298813
feature_ablation_lightgbm_quantile_bins,feature_ablation_xgboost_vif_filter,fit_time_sec,-0.8739479999989271,-34.701897639646695,4.114697213929104e-06,-0.9102021336002508,-0.8269830247940263
feature_ablation_lightgbm_quantile_bins,feature_ablation_xgboost_vif_filter,predict_time_sec,-0.005717866390477881,-10.87982300263614,0.00040512760738235483,-0.0067093913938151796,-0.00494151658785996
feature_ablation_lightgbm_quantile_bins,feature_ablation_catboost_baseline,fit_time_sec,-0.10240010000125037,-10.011853293941718,0.0005594318621718512,-0.12305285000184081,-0.09140259339495965
feature_ablation_lightgbm_quantile_bins,feature_ablation_catboost_baseline,predict_time_sec,-0.00032623299630360047,-1.4736443579658023,0.21458050179248886,-0.00071221599646378,4.282500303815981e-05
feature_ablation_lightgbm_quantile_bins,feature_ablation_lightgbm_vif_filter,fit_time_sec,-1.2738413919956655,-5.5146282420058474,0.005277288405993528,-1.6921493609933531,-0.8836160419916268
feature_ablation_lightgbm_quantile_bins,feature_ablation_lightgbm_vif_filter,predict_time_sec,-0.00211434939701578,-1.6655065657826467,0.17114169746569124,-0.004385090796858981,4.9334004870559955e-05
feature_ablation_lightgbm_quantile_bins,feature_ablation_catboost_no_scaling,fit_time_sec,-0.08878204959910362,-54.23731875987885,6.917908499033664e-07,-0.09157169899553988,-0.085727274796227
feature_ablation_lightgbm_quantile_bins,feature_ablation_catboost_no_scaling,predict_time_sec,-0.0014619077934184999,-2.876026490641593,0.04519346367183182,-0.00246657419775146,-0.0006554239577963204
feature_ablation_lightgbm_baseline,feature_ablation_catboost_quantile_bins,fit_time_sec,-0.08446736680052706,-24.37704235845012,1.6802371482081478e-05,-0.08969020840304434,-0.07768367540265897
feature_ablation_lightgbm_baseline,feature_ablation_catboost_quantile_bins,predict_time_sec,-0.0014707422029459798,-8.27951870992146,0.0011615357554631389,-0.00169149260327686,-0.0011165979123324912
feature_ablation_lightgbm_baseline,feature_ablation_xgboost_vif_filter,fit_time_sec,-0.8684286335977959,-36.57933862395927,3.3346259622137616e-06,-0.9021460169926285,-0.8225961670017569
feature_ablation_lightgbm_baseline,feature_ablation_xgboost_vif_filter,predict_time_sec,-0.005998083794838761,-8.498160829513695,0.001051447944576935,-0.007395233600982478,-0.00500272579083684
feature_ablation_lightgbm_baseline,feature_ablation_catboost_baseline,fit_time_sec,-0.0968807336001191,-8.736083625725202,0.0009459511693570279,-0.11977808848801938,-0.0813878337969072
feature_ablation_lightgbm_baseline,feature_ablation_catboost_baseline,predict_time_sec,-0.0006064504006644807,-3.66788368515301,0.02143101310299174,-0.0008269592013675998,-0.00028133014697231056
feature_ablation_lightgbm_baseline,feature_ablation_lightgbm_vif_filter,fit_time_sec,-1.2683220255945342,-5.483928799393399,0.005384676168294789,-1.6888251024798229,-0.8788756673922762
feature_ablation_lightgbm_baseline,feature_ablation_lightgbm_vif_filter,predict_time_sec,-0.0023945668013766602,-2.184313456728982,0.09428893753895273,-0.0043435748026240594,-0.00044555880012925997
feature_ablation_lightgbm_baseline,feature_ablation_catboost_no_scaling,fit_time_sec,-0.08326268319797235,-32.7126857843113,5.206977418878271e-06,-0.08741604120295957,-0.07869205879105722
feature_ablation_lightgbm_baseline,feature_ablation_catboost_no_scaling,predict_time_sec,-0.00174212519777938,-9.87428379526082,0.0005902044318093947,-0.00203728340275116,-0.0014486437410960304
feature_ablation_catboost_quantile_bins,feature_ablation_xgboost_vif_filter,fit_time_sec,-0.7839612667972687,-30.234402989492263,7.128283685496457e-06,-0.8227677917922847,-0.7367076920025284
feature_ablation_catboost_quantile_bins,feature_ablation_xgboost_vif_filter,predict_time_sec,-0.004527341591892781,-7.513617275617332,0.0016793218330383632,-0.00571702459419614,-0.0037868335901294
feature_ablation_catboost_quantile_bins,feature_ablation_catboost_baseline,fit_time_sec,-0.01241336679959204,-1.0622299505864916,0.348008054114942,-0.03591304160072463,0.00022454120044129998
feature_ablation_catboost_quantile_bins,feature_ablation_catboost_baseline,predict_time_sec,0.0008642918022814992,45.888795185373006,1.3488105410997175e-06,0.0008310335979331201,0.0008965250017354199
feature_ablation_catboost_quantile_bins,feature_ablation_lightgbm_vif_filter,fit_time_sec,-1.1838546587940073,-5.107994175359042,0.006943846358181475,-1.604476632880469,-0.7926248005882371
feature_ablation_catboost_quantile_bins,feature_ablation_lightgbm_vif_filter,predict_time_sec,-0.0009238245984306802,-0.7556698754108787,0.4919061711573583,-0.00307759959832766,0.0012299504014663001
feature_ablation_catboost_quantile_bins,feature_ablation_catboost_no_scaling,fit_time_sec,0.0012046836025547125,1.0288350408860096,0.3616991374922733,-0.0008670999930473544,0.003381972559582194
feature_ablation_catboost_quantile_bins,feature_ablation_catboost_no_scaling,predict_time_sec,-0.00027138299483340025,-0.8666176554835531,0.4350419635154992,-0.0008761414006585196,0.00019378187032995865
feature_ablation_xgboost_vif_filter,feature_ablation_catboost_baseline,fit_time_sec,0.7715478999976767,31.730235341035236,5.880142062323781e-06,0.7252070079965052,0.8133737583993936
feature_ablation_xgboost_vif_filter,feature_ablation_catboost_baseline,predict_time_sec,0.00539163339417428,8.963809399013742,0.0008569978531515947,0.004644850394106481,0.006578141194768241
feature_ablation_xgboost_vif_filter,feature_ablation_lightgbm_vif_filter,fit_time_sec,-0.39989339199673846,-1.7815055001929354,0.14942190006728095,-0.8199690969326912,-0.02966394566021351
feature_ablation_xgboost_vif_filter,feature_ablation_lightgbm_vif_filter,predict_time_sec,0.003603516993462101,2.3609838457977825,0.0775796188283941,0.0010626173898345003,0.00613054999557786
feature_ablation_xgboost_vif_filter,feature_ablation_catboost_no_scaling,fit_time_sec,0.7851659503998235,30.824949538760904,6.599344067116083e-06,0.7376321255986114,0.8230366917996434
feature_ablation_xgboost_vif_filter,feature_ablation_catboost_no_scaling,predict_time_sec,0.004255958597059381,5.218549465311164,0.00643385129705587,0.00298417558951772,0.005843741603894161
feature_ablation_catboost_baseline,feature_ablation_lightgbm_vif_filter,fit_time_sec,-1.1714412919944153,-5.253920763532676,0.0062804147402775595,-1.5690450786425936,-0.7922128833917668
feature_ablation_catboost_baseline,feature_ablation_lightgbm_vif_filter,predict_time_sec,-0.0017881164007121793,-1.4682842300479353,0.21594438425719928,-0.0039348748017801,0.00035864200035574
feature_ablation_catboost_baseline,feature_ablation_catboost_no_scaling,fit_time_sec,0.013618050402146753,1.1798150313018745,0.3034483541628228,0.0013209584023570475,0.0368196002033073
feature_ablation_catboost_baseline,feature_ablation_catboost_no_scaling,predict_time_sec,-0.0011356747971148994,-3.805362573687058,0.019015763528112475,-0.0017003999993903402,-0.0006876061818911733
feature_ablation_lightgbm_vif_filter,feature_ablation_catboost_no_scaling,fit_time_sec,1.1850593423965619,5.1211401615811365,0.0068806820131369455,0.7948946675896877,1.6054680097531666
feature_ablation_lightgbm_vif_filter,feature_ablation_catboost_no_scaling,predict_time_sec,0.0006524416035972799,0.5912662937220065,0.5861377175693113,-0.00129478319431652,0.0025996664015110796
